id:ID,name,:LABEL,level,:WEIGHT
E2926,第1章 氢气,Chapter,1,8
E2927,第2章 碳,Chapter,2,8
E2928,第3章 基本概念和基本理论,Chapter,3,8
E2929,第4章 碱金属,Chapter,4,8
E2930,第5章 溶液,Chapter,5,8
E2931,第6章 卤素,Chapter,6,8
E2932,第7章 物质的量,Chapter,7,8
E2926,第1章 氢气,Chapter,1,8
E2927,第2章 碳,Chapter,2,8
E2928,第3章 基本概念和基本理论,Chapter,3,8
E2929,第4章 碱金属,Chapter,4,8
E2930,第5章 溶液,Chapter,5,8
E2931,第6章 卤素,Chapter,6,8
E2932,第7章 物质的量,Chapter,7,8
E2933,第8章 氧族元素,Chapter,8,8
E2934,第9章 氮族元素,Chapter,9,8
E2935,第10章 化学反应速率和化学平衡,Chapter,10,8
E2936,第18章 电离平衡,Chapter,18,8
E2937,第19章 化学反应中的物质变化,Chapter,19,8
E2938,第20章 原电池和电解池,Chapter,20,8
E2939,第21章 几种常见的金属,Chapter,21,8
E2940,第22章 烃,Chapter,22,8
E2941,第23章 烃的衍生物,Chapter,23,8
E2942,第3.1节 物理变化与化学变化,Section,3.1,7
E2943,第3.2节 分子,Section,3.2,7
E2944,第3.3节 原子,Section,3.3,7
E2945,第3.4节 元素,Section,3.4,7
E2946,第3.5节 化学式与相对分子质量,Section,3.5,7
E2947,第3.6节 化学键,Section,3.6,7
E2948,第3.7节 氧化数,Section,3.7,7
E2949,第3.8节 化学方程式,Section,3.8,7
E2950,第3.9节 元素周期律和元素周期表,Section,3.9,7
E2951,第4.1节 钠,Section,4.1,7
E2952,第4.2节 钠的化合物,Section,4.2,7
E2953,第4.3节 碱金属元素,Section,4.3,7
E2954,第5.1节 溶液的概念,Section,5.1,7
E2955,第5.2节 溶解度,Section,5.2,7
E2956,第5.3节 溶液组成的表示方法,Section,5.3,7
E2957,第6.1节 氯气,Section,6.1,7
E2958,第6.2节 盐酸,Section,6.2,7
E2959,第6.3节 卤族元素,Section,6.3,7
E2960,第7.1节 摩尔 摩尔质量,Section,7.1,7
E2961,第7.2节 气体摩尔体积,Section,7.2,7
E2962,第7.3节 物质的量浓度,Section,7.3,7
E2963,第7.1节 物理变化与化学变化,Section,7.1,7
E2964,第7.2节 分子,Section,7.2,7
E2965,第7.3节 原子,Section,7.3,7
E2966,第7.4节 元素,Section,7.4,7
E2967,第7.5节 化学式与相对分子质量,Section,7.5,7
E2968,第7.6节 化学键,Section,7.6,7
E2969,第7.7节 氧化数,Section,7.7,7
E2970,第7.8节 化学方程式,Section,7.8,7
E2971,第7.9节 元素周期律和元素周期表,Section,7.9,7
E2972,第7.1节 钠,Section,7.1,7
E2973,第7.2节 钠的化合物,Section,7.2,7
E2974,第7.3节 碱金属元素,Section,7.3,7
E2975,第7.1节 溶液的概念,Section,7.1,7
E2976,第7.2节 溶解度,Section,7.2,7
E2977,第7.3节 溶液组成的表示方法,Section,7.3,7
E2978,第7.1节 氯气,Section,7.1,7
E2979,第7.2节 盐酸,Section,7.2,7
E2980,第7.3节 卤族元素,Section,7.3,7
E2960,第7.1节 摩尔 摩尔质量,Section,7.1,7
E2942,第3.1节 物理变化与化学变化,Section,3.1,7
E2943,第3.2节 分子,Section,3.2,7
E2944,第3.3节 原子,Section,3.3,7
E2945,第3.4节 元素,Section,3.4,7
E2946,第3.5节 化学式与相对分子质量,Section,3.5,7
E2947,第3.6节 化学键,Section,3.6,7
E2948,第3.7节 氧化数,Section,3.7,7
E2949,第3.8节 化学方程式,Section,3.8,7
E2950,第3.9节 元素周期律和元素周期表,Section,3.9,7
E2951,第4.1节 钠,Section,4.1,7
E2952,第4.2节 钠的化合物,Section,4.2,7
E2953,第4.3节 碱金属元素,Section,4.3,7
E2954,第5.1节 溶液的概念,Section,5.1,7
E2955,第5.2节 溶解度,Section,5.2,7
E2956,第5.3节 溶液组成的表示方法,Section,5.3,7
E2957,第6.1节 氯气,Section,6.1,7
E2958,第6.2节 盐酸,Section,6.2,7
E2959,第6.3节 卤族元素,Section,6.3,7
E2960,第7.1节 摩尔 摩尔质量,Section,7.1,7
E2961,第7.2节 气体摩尔体积,Section,7.2,7
E2962,第7.3节 物质的量浓度,Section,7.3,7
E2981,第8.1节 氧气,Section,8.1,7
E2982,第8.2节 硫和硫的化合物,Section,8.2,7
E2983,第8.3节 硫酸,Section,8.3,7
E2984,第9.1节 氮气,Section,9.1,7
E2985,第9.2节 氨和铵盐,Section,9.2,7
E2986,第9.3节 硝酸,Section,9.3,7
E2987,第9.4节 磷,Section,9.4,7
E2988,第10.1节 化学反应速率,Section,10.1,7
E2989,第10.2节 化学平衡,Section,10.2,7
E2990,第18.1节 电离平衡,Section,18.1,7
E2991,第18.2节 水的电离和溶液的pH,Section,18.2,7
E2992,第18.3节 盐类的水解,Section,18.3,7
E2993,第19.1节 化学反应的类型,Section,19.1,7
E2994,第19.2节 氧化还原反应,Section,19.2,7
E2995,第19.3节 离子反应,Section,19.3,7
E2996,第20.1节 原电池的原理及其应用,Section,20.1,7
E2997,第20.2节 电解和电镀,Section,20.2,7
E2998,第21.1节 铝和铝的重要化合物,Section,21.1,7
E2999,第21.2节 铁和铁的化合物,Section,21.2,7
E3000,第21.3节 其他常见的金属,Section,21.3,7
E3001,第22.1节 烷烃,Section,22.1,7
E3002,第22.2节 烯烃,Section,22.2,7
E3003,第22.3节 炔烃,Section,22.3,7
E3004,第22.4节 苯 芳香烃,Section,22.4,7
E3005,第23.1节 卤代烃,Section,23.1,7
E3006,第23.2节 醇,Section,23.2,7
E0,电解质在溶液里的反应,Reaction,,2
E1,离子反应,Reaction,,10
E2,硅酸钙,Concept,,5
E3,硅,Concept,,2
E4,水膜,Concept,,3
E5,氢氧根离子,Substance,,6
E6,化学平衡,Concept,,10
E7,基本概念,Concept,,10
E8,食盐水溶液,PropertyValue;Substance,,5
E9,均一性,Property,,1
E10,碳酸氢钠受热分解,Reaction;Substance,,4
E11,气体,PropertyValue;Substance,,10
E12,醇,Concept,,9
E13,二元醇,Concept,,2
E14,原电池,Concept,,7
E15,把化学能转化为电能的装置,Concept,,1
E16,氢氧化钠,Condition;PropertyValue;Substance,,10
E17,一摩尔,Value,,2
E18,4%到74.2%,Concept,,2
E19,氢气的爆炸极限,Concept,,1
E20,氧,PropertyValue,,8
E21,-2,Concept,,3
E22,氢气还原氧化铜,Condition;Substance,,4
E23,试管口有水生成,Concept,,1
E24,溴,PropertyValue;Substance,,10
E25,可溶于水,PropertyValue,,1
E26,氢气在空气中燃烧,Reaction;Substance,,3
E27,水,Substance,,10
E28,碳酸氢铵,Substance,,3
E29,生成氨、水和二氧化碳,Concept,,1
E30,电子层,Concept,,5
E31,一二三四五六七,Concept,,2
E32,盐酸与紫色的石蕊试液反应,Reaction,,1
E33,变成红色,Property,,1
E34,一氧化碳与水蒸气反应,Reaction;Condition;Substance,,7
E35,容积为一升的密闭容器,Condition,,1
E36,氯化氢与水蒸气结合,Concept,,1
E37,形成雾状,Concept,,1
E38,铝,PropertyValue;Substance,,10
E39,轻金属,Substance,,1
E40,铝与碱反应,Reaction;Substance,,1
E41,稀硝酸,Condition;Substance,,3
E42,铜与稀硝酸反应,Reaction;Substance,,2
E43,漂白粉,Substance,,5
E44,是,Concept,,10
E45,盐酸,Substance,,10
E46,碳酸钠与盐酸反应,Reaction;Substance,,3
E47,化学变化,Concept,,9
E48,发光,Concept,,1
E49,氢氧化铝,PropertyValue;Substance,,7
E50,三氧化硫,PropertyValue;Substance,,6
E51,较低,PropertyValue,,3
E52,氢气,Condition;PropertyValue;Substance,,10
E53,收集一试管氢气，用拇指指住，移近火焰，移开拇指点火,Concept,,1
E54,氯气,PropertyValue;Substance,,10
E55,通过共价键,Concept,,2
E56,本章学习内容,Concept,,6
E57,不饱和溶液,Condition;Substance,,9
E58,铁的氧化物,PropertyValue;Substance,,3
E59,氧化亚铁,PropertyValue;Substance,,4
E60,碱金属,Substance,,10
E61,活泼的金属,Substance,,1
E62,空气,Substance,,10
E63,碳不充分燃烧,Reaction;Substance,,3
E64,金属,PropertyValue;Substance,,10
E65,潮湿的空气中,Concept,,1
E66,二氧化氮,PropertyValue;Substance,,5
E67,向上排气法,Substance,,1
E68,氢气与氯气的反应,Reaction,,4
E69,氯化氢,Substance,,5
E70,在一定温度下，在一定量的溶剂里，还能继续溶解某种溶质的溶液,Substance,,1
E71,植物油水混合物,PropertyValue,,3
E72,分为上下两层,Concept,,1
E73,Cu,Concept,,1
E74,铜元素,Concept,,2
E75,氢氟酸,Substance,,3
E76,弱酸,Substance,,2
E77,氢离子加氢氧根离子生成水,Concept,,2
E78,强酸和强碱发生的中和反应,Reaction,,1
E79,pH,Concept,,3
E80,物质的量,Property,,10
E81,气体体积除以气体摩尔体积,Concept,,1
E82,氧化反应,Reaction,,3
E83,物质所含元素氧化数升高,Concept,,1
E84,钠,PropertyValue;Substance,,10
E85,空气中的氧气,Substance,,2
E86,电子数较多的原子,Concept,,1
E87,得电子达到稳定结构,Concept,,3
E88,钙离子,Concept,,3
E89,2个电子,Concept,,1
E90,超氧化钾,Substance,,2
E91,超氧化物,Substance,,1
E92,溴与水反应,Reaction;Condition;Substance,,6
E93,水的离子积常数,Concept,,2
E94,K_w,Concept,,1
E95,两种液体相互溶解,Reaction;Property,,3
E96,量少的液体,Substance,,1
E97,化学键,Concept,,9
E98,离子键,Concept,,4
E99,铝在氧气中燃烧,Reaction;Substance,,2
E100,盐酸与碱反应,Reaction;Substance,,2
E101,盐,Substance,,3
E102,n等于V除以V_m,Concept,,1
E103,甲烷在空气中燃烧,Reaction;Substance,,3
E104,二氧化碳,PropertyValue;Substance,,10
E105,M层,Concept,,2
E106,18,Value,,2
E107,碳还原二氧化碳,Condition;Substance,,3
E108,二氧化碳与水反应,Reaction;Substance,,2
E109,实验室制取氧气,Condition;Substance,,4
E110,加热氯酸钾或高锰酸钾,Substance,,1
E111,溴乙烷水解反应,Reaction;Condition;Substance,,3
E112,分子中含有跟链烃基或苯环侧链上的碳结合的羟基的化合物,Substance,,1
E113,三种同位素,Concept,,1
E114,铝与氧气常温反应,Reaction;Substance,,2
E115,氧化膜,Substance,,3
E116,硫酸根离子的检验,Condition,,3
E117,用盐酸酸化,Condition,,1
E118,降低反应所需的能量,Property,,1
E119,更多的分子成为活化分子,Concept,,2
E120,氨,PropertyValue;Substance,,10
E121,氮气,Condition;PropertyValue;Substance,,10
E122,最外层电子,Concept,,1
E123,实验室制取氢氧化铝,Substance,,2
E124,石蜡,Concept,,3
E125,氢,Concept,,5
E126,硼、硅、砷、磷、碳、铝、锗、钨、钒,Concept,,1
E127,分界线,Concept,,3
E128,无机物命名,Concept,,1
E129,命名原则,Concept,,1
E130,氚,Concept,,4
E131,含2个中子的氢原子,Concept,,1
E132,一,Concept,,3
E133,分解过氧化氢,Substance,,2
E134,制取氧气,Substance,,1
E135,次溴酸,Substance,,1
E136,弱电解质,Concept,,8
E137,弱碱,Substance,,1
E138,氯酸钾,Substance,,2
E139,物质,Concept,,10
E140,鉴别碳酸钠和碳酸氢钠,Substance,,1
E141,TNT,Concept,,2
E142,烈性炸药,Concept,,1
E143,元素,Concept,,10
E144,具有相同质子数的一类原子,Concept,,2
E145,周期表,Concept,,5
E146,金属元素,Concept,,5
E147,氢氧化铁与酸反应,Reaction;Substance,,1
E148,铁盐,Substance,,2
E149,硫化氢溶液,Substance,,2
E150,单质硫,Concept,,2
E151,物理性质,Concept,,4
E152,熔点,Concept,,1
E153,根据反应物和生成物的类别以及反应前后物质种类的多少,Concept,,3
E154,复分解反应,Reaction,,2
E155,氯化氢分子,Substance,,3
E156,极性共价键,Concept,,4
E157,七个周期,Concept,,2
E158,七个横行,Concept,,1
E159,溶液,PropertyValue;Substance,,10
E160,氯化铝溶液,PropertyValue;Substance,,2
E161,零点三六摩尔每升,Value,,2
E162,延展性,Property,,2
E163,同分异构体,Substance,,2
E164,混合物,Concept,,9
E165,各物质保持原来的性质,Concept,,1
E166,电镀,Substance,,5
E167,增强防锈抗腐能力,Substance,,1
E168,氧化数,Concept,,10
E169,化学式,Concept,,7
E170,原子的质量,Property,,2
E171,石墨棒,Substance,,1
E172,电极,Substance,,1
E173,元素的非金属性,Property,,1
E174,元素在周期表中位置,Concept,,4
E175,硫化氢在空气不足时燃烧,Reaction;Substance,,3
E176,硫,Substance,,5
E177,一氧化碳,PropertyValue;Substance,,10
E178,无味,PropertyValue,,4
E179,锌片,Concept,,3
E180,稀硫酸,Substance,,7
E181,相对原子质量,Property,,4
E182,电离,Reaction,,1
E183,四氯化碳,Substance,,5
E184,从水中萃取碘,Substance,,2
E185,氢氧化亚铁,PropertyValue;Substance,,5
E186,白色,PropertyValue,,5
E187,焰色反应,Reaction;Substance,,6
E188,钙,Concept,,4
E189,附录二：常用化学物质英汉拼音对照表,Concept,,10
E190,蛋白质,Concept,,3
E191,增加溶剂,Substance,,2
E192,饱和溶液变成不饱和溶液,Substance,,3
E193,很软,PropertyValue,,1
E194,硫酸钡,PropertyValue;Substance,,5
E195,氧原子,Concept,,4
E196,八,Concept,,3
E197,8,Value,,4
E198,淀粉指示剂,Substance,,3
E199,检验单质碘,Substance,,1
E200,电镀铜,Concept,,1
E201,金属铜,Concept,,3
E202,溴乙烷,PropertyValue;Substance,,6
E203,C二H五Br,Concept,,2
E204,微弱,Concept,,3
E205,阴极石墨棒,Concept,,1
E206,红色物质,Concept,,2
E207,二氧化硫,PropertyValue;Substance,,10
E208,二氧化硫与氧气的反应,Reaction;Condition;Substance,,4
E209,核外电子运动的不同区域,Concept,,1
E210,丙醇,PropertyValue,,1
E211,可与水以任意比混溶,PropertyValue,,2
E212,同一周期,Concept,,4
E213,得电子能力增强,Concept,,2
E214,离子方程式,Concept,,3
E215,用实际参加反应的离子的符号表示离子反应的式子,Concept,,1
E216,书写离子方程式,Concept,,3
E217,难溶的物质或难电离的物质以及气体等仍用化学式表示,Concept,,1
E218,百分之二十的氢氧化钠溶液,PropertyValue;Substance,,1
E219,五十克,Value;PropertyValue,,2
E220,用盐酸酸化溶液,Substance,,2
E221,排除碳酸根干扰,Concept,,1
E222,乙炔,PropertyValue;Substance,,10
E223,C二H二,Concept,,1
E224,氯化钠,PropertyValue,,7
E225,一比二比三,Concept,,2
E226,分子,PropertyValue,,10
E227,共用电子对,Concept,,4
E228,硫化亚铁,Substance,,2
E229,实验室制备硫化氢,Substance,,2
E230,氯水,PropertyValue,,10
E231,氯离子,Substance,,10
E232,氮族元素,Concept,,10
E233,砷,Concept,,2
E234,易溶于水,PropertyValue,,5
E235,单位体积内反应物中活化分子所占的百分比,Concept,,1
E236,乙烯,Substance,,8
E237,氟单质,PropertyValue;Substance,,3
E238,很大,PropertyValue,,2
E239,硫酸铜,Concept,,2
E240,硫酸根离子,Substance,,2
E241,所含粒子数与零点零一二千克碳十二中所含碳原子数相同的粒子集体,Substance,,1
E242,盐酸溶液与氢氧化钠溶液的反应,Reaction,,1
E243,臭氧,PropertyValue;Substance,,7
E244,比氧气活泼,Concept,,1
E245,碘与水反应,Reaction;Substance,,3
E246,碳充分燃烧,Reaction;Substance,,3
E247,大量的热,Concept,,6
E248,氢气通过灼热的氧化铜,Substance,,3
E249,铜,PropertyValue;Substance,,10
E250,氯化铵受热分解,Reaction;Substance,,2
E251,氢溴酸,Substance,,3
E252,降低,Concept,,2
E253,磷酸,Substance,,5
E254,制备磷酸盐,Substance,,1
E255,强电解质,Concept,,6
E256,某些具有极性键的共价化合物,Substance,,1
E257,第五周期,Concept,,2
E258,长周期,Concept,,6
E259,含碳化合物,Substance,,1
E260,有机化合物,Substance,,6
E261,氧化还原反应,Reaction,,10
E262,反应物的某些离子浓度减小,Concept,,1
E263,溶质,PropertyValue,,8
E264,固体,PropertyValue;Substance,,7
E265,苯,Substance,,10
E266,典型的碳碳双键的加成反应性质,Concept,,1
E267,元素氧化数,Concept,,4
E268,原子的电子层结构,Concept,,2
E269,消去反应,Reaction,,1
E270,有机化合物在一定条件下，从一个分子中脱去一个小分子，而生成不饱和有机化合物的反应,Reaction,,1
E271,烃的衍生物,Concept,,10
E272,卤素,Concept,,10
E273,直接相邻原子间的相互作用,Concept,,2
E274,是使原子互相联结形成分子的主要因素,Concept,,1
E275,零点零五摩尔,Value,,2
E276,氟与氢气反应,Reaction;Condition;Substance,,4
E277,碱金属的氧化物,Substance,,1
E278,可溶于水的强碱,Substance,,1
E279,碳酸,Substance,,5
E280,碘酒溶液,Substance,,2
E281,碘,PropertyValue;Substance,,10
E282,碳,Substance,,10
E283,第二周期,Concept,,2
E284,短周期,Concept,,6
E285,N层,Concept,,2
E286,32,Value,,1
E287,阿伏伽德罗常数,Concept,,4
E288,1摩尔任何粒子的粒子数,Concept,,1
E289,钾与水反应,Reaction,,2
E290,可能爆炸,Concept,,1
E291,纯碱,Substance,,2
E292,加热,Condition,,7
E293,碳酸根,Concept,,5
E294,+1,Concept,,3
E295,温度变化,Concept,,3
E296,氢氧化钙,Substance,,2
E297,二氧化碳与氢氧化钙反应,Reaction;Substance,,2
E298,硝酸盐,PropertyValue;Substance,,6
E299,挥发性物质,Concept,,2
E300,氨气,PropertyValue;Substance,,5
E301,物理变化,Concept,,4
E302,物质的形态发生了改变，并没有其他物质的生成,Concept,,1
E303,不互溶,Concept,,3
E304,异丁烷,Concept,,2
E305,支链,Concept,,2
E306,氧气,PropertyValue;Substance,,10
E307,干冰,Substance,,3
E308,压强为101kPa，温度为-78.5℃,Concept,,1
E309,氧化性,Property,,2
E310,同周期元素,Concept,,3
E311,从左到右逐渐增强,Concept,,1
E312,三点二克某气体,Substance,,2
E313,三点零一乘以十的二十二次方,Concept,,2
E314,水的电离,Reaction;Substance,,2
E315,水合氢离子,Substance,,1
E316,副族,Concept,,5
E317,完全由长周期元素构成的族,Concept,,1
E318,氢氧化钠吸收水分,Concept,,2
E319,潮解,Concept,,2
E320,待镀金属制品,Concept,,2
E321,阴极,Concept,,2
E322,磷酸钠,Concept,,2
E323,工业上制备氨,Condition;Substance,,3
E324,化学性质,Concept,,2
E325,物质在化学变化中表现出来的性质,Concept,,1
E326,盐酸与铁反应,Reaction;Substance,,2
E327,液态氨,Substance,,2
E328,致冷剂,Substance,,1
E329,难溶,PropertyValue,,1
E330,3H,Concept,,1
E331,分解反应,Reaction,,4
E332,四种基本类型的反应,Reaction,,4
E333,氧化铝,PropertyValue;Substance,,7
E334,耐火材料,Concept,,1
E335,次氯酸钙,Substance,,4
E336,空气中的二氧化碳和水,Substance,,1
E337,一定温度,Value;Property;Condition,,3
E338,气体摩尔体积,Concept,,8
E339,单位物质的量的气体所占的体积,Concept,,1
E340,氧化还原反应配平,Concept,,1
E341,氧化数升降的总数一定相等,Concept,,1
E342,同位素,Concept,,3
E343,摩尔质量,Property,,9
E344,单位物质的量的物质所具有的质量,Property,,1
E345,第四到六周期,Concept,,1
E346,硝酸钡溶液,PropertyValue;Substance,,3
E347,零点二摩尔每升,Value;PropertyValue,,3
E348,离子之间的反应,Reaction,,1
E349,氢氧化钠与二氧化碳反应,Reaction;Substance,,3
E350,黑色,PropertyValue,,2
E351,盐酸与铁钉反应,Reaction;Substance,,2
E352,非极性共价键,Concept,,2
E353,共用电子对不偏向任何一个原子的共价键,Concept,,1
E354,铜片上镀银,Concept,,2
E355,银片,Concept,,2
E356,化学方程式,Concept,,10
E357,反应物,Concept,,1
E358,或简写为,Concept,,1
E359,氮,Concept,,4
E360,催化剂,Condition;Substance,,9
E361,化学反应速率,Concept,,10
E362,烯烃,Concept,,8
E363,分子里含有碳碳双键的一类链烃,Concept,,1
E364,利用电解原理在某些金属表面镀上一薄层的其他金属或合金的过程,Concept,,1
E365,组成化学物质的各元素原子数目之间最简单的整数比关系,Concept,,1
E366,同一列的元素,Concept,,1
E367,原子半径显著增大,Concept,,2
E368,某一元素一个原子的荷电数,Concept,,1
E369,Na,Concept,,4
E370,Na正,Concept,,2
E371,门捷列夫,Concept,,3
E372,俄国,Concept,,2
E373,实验室制取二氧化碳,Substance,,4
E374,硫酸铁溶液,Substance,,2
E375,碳原子数在十以下,Concept,,1
E376,甲、乙、丙、丁、戊、己、庚、辛、壬、癸,Concept,,1
E377,溶解度,Value;Property;Condition,,10
E378,溴的四氯化碳溶液,Substance,,1
E379,乙炔与溴加成,Reaction;Substance,,2
E380,硝酸,PropertyValue;Substance,,10
E381,几乎所有的金属发生氧化还原反应,Reaction,,1
E382,棕色瓶,Concept,,1
E383,锂,Concept,,2
E384,钠与水反应,Reaction;Substance,,7
E385,氢气与氧化铜的反应,Reaction,,5
E386,氯元素氧化数降低,Concept,,2
E387,钢铁表面,Concept,,2
E388,电解质溶液,Substance,,2
E389,石油的形成,Concept,,1
E390,很慢,Concept,,1
E391,铁在氯气中燃烧,Reaction;Substance,,2
E392,氯化铁,PropertyValue;Substance,,5
E393,硝酸铜,Concept,,1
E394,碳加二氧化碳生成一氧化碳,Substance,,4
E395,吸热反应,Reaction,,3
E396,铁与盐溶液反应,Reaction,,1
E397,置换反应,Reaction,,3
E398,玻璃,Concept,,2
E399,溴与氢气反应,Reaction;Condition;Substance,,4
E400,溴化氢,Substance,,3
E401,氧化铁,PropertyValue;Substance,,6
E402,油漆的颜料,Substance,,1
E403,可用电子式表示,Concept,,1
E404,四氧化三铁,PropertyValue;Substance,,6
E405,磁性氧化铁,Concept,,1
E406,乙酸钠,Concept,,2
E407,氢氧化钠与醋酸中和,Reaction,,1
E408,钠离子,Substance,,6
E409,强,Concept,,3
E410,澄清的石灰水,Concept,,2
E411,变浑浊,Concept,,1
E412,增大反应物浓度,Value;Property;Condition,,1
E413,正反应方向移动,Concept,,2
E414,反应混合物中各组分的浓度不变,Concept,,1
E415,乙烯与溴加成,Reaction;Substance,,3
E416,酸,Substance,,6
E417,金属与非金属分界线,Concept,,2
E418,非金属元素,Concept,,8
E419,氢气与氯气反应,Reaction;Condition;Substance,,4
E420,安静燃烧,Reaction,,1
E421,电子云密度小,Concept,,1
E422,电子在核外空间单位体积内出现的机会少,Concept,,2
E423,从左到右，非金属性逐渐增强,Concept,,1
E424,最外电子层中电子的数目,Concept,,2
E425,食盐,PropertyValue;Substance,,2
E426,硫在氧气中燃烧,Reaction;Substance,,3
E427,化合反应,Reaction,,4
E428,气体是碱性气体,Substance,,2
E429,原物质是铵盐,Substance,,1
E430,过氧化物,Substance,,2
E431,-1,Concept,,3
E432,氧化亚铁与酸反应,Reaction;Substance,,1
E433,亚铁盐,Substance,,2
E434,次氯酸分解,Reaction;Substance,,5
E435,日光照射,Concept,,1
E436,分子发生了变化，变成了其他物质的分子,Concept,,1
E437,一水合氨,Substance,,5
E438,铵根离子,Concept,,2
E439,电解氯化铜溶液,Substance,,3
E440,阳极反应和阴极反应的总和,Concept,,1
E441,炼铁,Condition;Substance,,4
E442,物质的变化,Concept,,2
E443,还原反应,Reaction,,3
E444,物质失去氧,Concept,,1
E445,双氧水,Substance,,3
E446,漂白剂,Substance,,2
E447,能量高的电子,Concept,,2
E448,离核较远,Concept,,2
E449,铝热反应,Reaction;Substance,,5
E450,冶炼锰,Concept,,1
E451,苯的同系物,Concept,,5
E452,苯环,Concept,,1
E453,氧化物,Substance,,3
E454,由两种元素组成且其中一种是氧元素的化合物,Substance,,1
E455,放出气体,Substance,,1
E456,钾,Substance,,6
E457,烧碱,Substance,,1
E458,实验室制取氯气,Condition;Substance,,5
E459,高锰酸钾,Substance,,10
E460,苯与氢气的加成反应,Reaction;Condition;Substance,,3
E461,加成反应,Reaction,,4
E462,盐酸与锌反应,Reaction;Substance,,3
E463,实验室制备氢气,Substance,,1
E464,氢氧化钠溶液,Substance,,4
E465,红色,PropertyValue,,2
E466,编号,Concept,,1
E467,确定支链的位置,Concept,,1
E468,加入少量晶体,Substance,,2
E469,晶体的质量不变,Concept,,2
E470,无毒,PropertyValue,,2
E471,中子,Concept,,5
E472,不带电荷,Concept,,2
E473,M,Concept,,2
E474,爆炸,Concept,,1
E475,氨与氯化氢反应,Reaction;Substance,,2
E476,电解池,Concept,,2
E477,借助于电流引起氧化还原反应的装置,Concept,,2
E478,近似为一,Concept,,2
E479,铁丝在氧气中燃烧,Reaction;Substance,,3
E480,稀有气体元素,Concept,,7
E481,非常不活泼,Concept,,1
E482,催化剂存在,Condition,,2
E483,液体,PropertyValue;Substance,,7
E484,倒数第三层,Concept,,2
E485,三十二个,Concept,,2
E486,电子云,Concept,,3
E487,电子在原子核外空间一定范围内出现，可以想象为一团带负电荷的云雾笼罩在原子核周围,Concept,,1
E488,化学平衡向逆反应方向移动,Concept,,2
E489,低级的饱和一元醇,PropertyValue,,3
E490,辛辣的味道,Concept,,1
E491,化学,Concept,,2
E492,钢铁,PropertyValue,,3
E493,潮湿的空气里,PropertyValue,,1
E494,金属性与非金属性,Property,,1
E495,分界线附近的元素,Concept,,3
E496,元素周期律,Concept,,10
E497,核外电子排布,Concept,,1
E498,浓硝酸,Substance,,4
E499,铜与浓硝酸反应,Reaction;Substance,,2
E500,铁与硫反应,Reaction;Condition;Substance,,3
E501,浓硫酸,Condition;PropertyValue;Substance,,10
E502,实验室制取乙烯,Condition;Substance,,4
E503,甲烷,Substance,,10
E504,氧化钠与水反应,Reaction;Substance,,2
E505,镁与二氧化碳反应,Reaction;Substance,,3
E506,镁燃烧时不能用二氧化碳灭火,Concept,,1
E507,最外层电子数是八个,Concept,,2
E508,稳定结构,Concept,,2
E509,碳酸钠,PropertyValue;Substance,,10
E510,粉末,PropertyValue,,2
E511,卤代烃,PropertyValue,,9
E512,从形式上划分,Concept,,1
E513,排水法收集,Concept,,1
E514,还原剂,Substance,,7
E515,C,Concept,,2
E516,碳元素,Concept,,2
E517,二氧化碳与石灰水反应,Reaction;Substance,,4
E518,石灰水变浑浊,Concept,,1
E519,由两种或两种以上物质生成另一种物质的反应,Reaction,,1
E520,锰,Concept,,2
E521,正七,Concept,,2
E522,浓盐酸,PropertyValue;Substance,,6
E523,浓硫酸干燥气体,Substance,,3
E524,钠保存在煤油中,Concept,,2
E525,隔绝空气中的氧气和水,Concept,,1
E526,空气的一点五倍,Concept,,1
E527,氢气燃烧,Reaction;Substance,,5
E528,原子数,Concept,,1
E529,最小公倍数除以正氧化数的绝对值,Concept,,1
E530,反应加快,Concept,,2
E531,导热性,Property,,1
E532,甲烷与氯气反应,Reaction;Condition;Substance,,4
E533,物质的量n,Concept,,2
E534,气体体积V除以气体摩尔体积V_m,Concept,,2
E535,+4,Concept,,5
E536,族,Concept,,7
E537,主族,Concept,,5
E538,直接相邻的原子之间的相互作用,Concept,,2
E539,使原子互相联结形成分子的主要因素,Concept,,1
E540,钡,Concept,,2
E541,耐高温的实验仪器,Concept,,1
E542,深红棕色,PropertyValue,,1
E543,甲烷和氯气光照反应,Reaction;Condition;Substance,,3
E544,电子,PropertyValue,,6
E545,原子核外,Concept,,1
E546,正反应速率,Concept,,2
E547,镁,Substance,,3
E548,纯净物,Concept,,5
E549,多余的氯气,Substance,,1
E550,铋,Concept,,2
E551,氧元素的平均原子质量,Property;Condition,,2
E552,原子质量,Property;Condition,,2
E553,结构式,Concept,,1
E554,用短线来表示一对共用电子的图式,Concept,,1
E555,元素的化学性质,Concept,,3
E556,原子的最外层电子数,Concept,,1
E557,P,Substance,,1
E558,P加Q生成R加S,Substance,,3
E559,氧化铜,PropertyValue;Substance,,5
E560,电源正极,Concept,,1
E561,含十二个碳以上的醇,PropertyValue,,3
E562,不溶于水,PropertyValue,,4
E563,甲酸,Substance,,1
E564,乳浊液,Substance,,3
E565,乳状混浊,Concept,,1
E566,剧烈,Concept,,2
E567,碘离子检验,Condition,,4
E568,Cl2分子,Concept,,2
E569,Cl原子的共价半径,Concept,,1
E570,铁离子,Concept,,2
E571,亚铁离子,Substance,,3
E572,强烈的腐蚀性,Property,,1
E573,电解池阴极,Concept,,1
E574,直流电源负极,Concept,,2
E575,有正和负,Concept,,2
E576,电化学腐蚀,Reaction,,4
E577,质量数,Concept,,4
E578,A,Concept,,4
E579,零点一二摩尔每升的氯化镁溶液五百毫升,Value,,1
E580,零点二四摩尔每升,Value,,2
E581,皮肤沾上浓硫酸,Substance,,1
E582,严重的灼伤,Concept,,1
E583,不断地运动,Concept,,2
E584,一氧化氮,PropertyValue;Substance,,7
E585,生成二氧化氮,Concept,,1
E586,部分电离,Reaction,,1
E587,减少生成物浓度,Value;Property;Condition,,1
E588,丙烷,Concept,,2
E589,清洁燃料,Substance,,1
E590,金属防护,Concept,,4
E591,表面钝化,Reaction,,2
E592,氯原子,Substance,,4
E593,得到一个电子,Concept,,2
E594,相对分子质量,Property,,3
E595,原子,Concept,,10
E596,不显电性,Property,,3
E597,核对外层电子的引力越强,Concept,,2
E598,原子就越易得到电子,Concept,,1
E599,溶质的物质的量,Property,,2
E600,不稳定,Concept,,5
E601,弱酸、弱碱,Substance,,1
E602,铁的氢氧化物,Substance,,2
E603,氢氧化铁,PropertyValue;Substance,,4
E604,醋酸溶液,Substance,,4
E605,O三,Concept,,1
E606,一水合氨受热分解,Reaction;Substance,,2
E607,具有同分异构现象的化合物,Substance,,1
E608,双原子分子,Concept,,3
E609,硫单质,PropertyValue;Substance,,5
E610,淡黄色,PropertyValue,,2
E611,锌,PropertyValue;Substance,,10
E612,锌离子,Concept,,1
E613,核电荷数依次增多,Concept,,1
E614,单质,Substance,,5
E615,零,Concept,,4
E616,碱金属与水反应,Reaction;Substance,,2
E617,氢氧化物,Substance,,1
E618,硫化氢,PropertyValue;Substance,,9
E619,水分子,PropertyValue;Substance,,3
E620,约为非常小,PropertyValue,,1
E621,失电子能力减弱,Concept,,2
E622,元素性质,Concept,,1
E623,否,Concept,,3
E624,含氟牙膏,Concept,,2
E625,氟,PropertyValue;Substance,,7
E626,漂白粉使用过程,Substance,,3
E627,次氯酸,Substance,,10
E628,煤,Concept,,2
E629,能够燃烧,Reaction,,1
E630,原子半径的周期性变化,Concept,,2
E631,在相同条件下，A容器中的氢气和B容器中的氨气,Substance,,1
E632,两个容器的体积比为二比一,Concept,,1
E633,条件,Condition,,2
E634,压力,Concept,,1
E635,苯的燃烧,Reaction;Substance,,3
E636,一氧化碳加二氧化氮生成二氧化碳加一氧化氮,Substance,,4
E637,降低温度,Value;Property;Condition,,4
E638,水分,Substance,,1
E639,碳酸钠吸收水分及二氧化碳,Substance,,3
E640,标准状况,Concept,,4
E641,二十二点四升每摩尔,Value,,4
E642,温度,Value;Property;Condition,,4
E643,增大反应速率,Concept,,2
E644,食品保护,Concept,,3
E645,化学反应,Reaction;Condition,,10
E646,根据化学反应中是否有电子转移,Concept,,2
E647,气泡,Concept,,3
E648,强氧化剂,Condition;Substance,,5
E649,石墨,Concept,,2
E650,金刚石,Substance,,2
E651,溶质的质量分数,Concept,,3
E652,溶质质量除以溶液质量乘以百分之百,Concept,,1
E653,硝酸银,Concept,,1
E654,硝基苯,PropertyValue;Substance,,4
E655,带有苦杏仁味,PropertyValue,,1
E656,测定金属或金属离子存在,Substance,,1
E657,浓硫酸与铁、铝接触,Condition;Substance,,4
E658,常温,Condition,,3
E659,葡萄糖,Concept,,1
E660,铁,Condition;Substance,,10
E661,生成氯化亚铁和氢气,Substance,,1
E662,钠燃烧,Reaction;Substance,,3
E663,磷,Substance,,10
E664,白磷,Concept,,3
E665,焊接钢轨,Concept,,1
E666,分子内非直接相邻的原子之间,Concept,,2
E667,氯化铝,Concept,,3
E668,紫杉醇,Concept,,2
E669,C47H51NO14,Concept,,1
E670,耐火管,Concept,,1
E671,磁性,Property,,1
E672,第一主族,Concept,,1
E673,R,Substance,,1
E674,氢气在氧气中燃烧,Reaction;Substance,,2
E675,碘与氢气反应,Reaction;Condition;Substance,,4
E676,不断加热,Condition,,1
E677,蜡烛燃烧,Reaction;Substance,,2
E678,硝酸铁,Concept,,1
E679,水果,Concept,,1
E680,氯气的干燥剂,Substance,,1
E681,溴离子检验,Condition,,4
E682,硝酸银溶液,Condition;Substance,,3
E683,氯离子检验,Condition,,4
E684,滴入硝酸银溶液,Condition;Substance,,2
E685,硫酸根,Concept,,2
E686,负二,Concept,,2
E687,由不同原子形成、共用电子对会偏向吸电子能力较强原子的共价键,Concept,,1
E688,金属半径,Concept,,2
E689,金属单质的晶体中，两个相邻金属原子核间距离的一半,Concept,,2
E690,铜与氯气反应,Reaction;Condition;Substance,,2
E691,氯化铜,PropertyValue;Substance,,4
E692,硫元素,Concept,,1
E693,多种同素异形体,Substance,,2
E694,氧气和水得到电子,Substance,,2
E695,冶金工业,Concept,,2
E696,一氧化碳的还原性,Property,,4
E697,碳氢化合物,Substance,,2
E698,烃,Concept,,8
E699,检验硫酸根离子,Concept,,3
E700,氯化钡溶液,Substance,,2
E701,HCl,Concept,,2
E702,Cl,Concept,,3
E703,植物油,Concept,,2
E704,制造硫酸,Substance,,2
E705,有刺激性气味,PropertyValue,,3
E706,氟元素,Concept,,1
E707,0.012千克碳12,Concept,,1
E708,约6.02×10^23个碳原子,Concept,,1
E709,碳十二原子,Substance,,2
E710,衡量原子质量的标准,Substance,,2
E711,二点二克,Value;PropertyValue,,2
E712,饱和溶液,Condition;Substance,,7
E713,电解质,Concept,,4
E714,正丁烷,Concept,,2
E715,远大于在水中的溶解度,Value;Property,,2
E716,硫酸,Substance,,9
E717,强酸,Substance,,3
E718,硫化氢在空气中燃烧,Reaction;Substance,,3
E719,反应条件,Condition,,2
E720,非金属性最强的元素,Concept,,2
E721,原子结构,Concept,,2
E722,不分解,Reaction,,1
E723,负电荷,Concept,,2
E724,周期表左下方,Concept,,1
E725,金属性最强的元素,Concept,,2
E726,零点零五摩尔二氧化碳,PropertyValue,,1
E727,电子发生了转移,Concept,,1
E728,各元素正负氧化数的代数和是否为零,Concept,,1
E729,阳离子,Concept,,4
E730,离子,Concept,,3
E731,带电的原子或原子团,Concept,,2
E732,非金属性逐渐增强,Concept,,2
E733,铝与浓硫酸或浓硝酸反应,Reaction;Substance,,2
E734,保存在煤油里,Concept,,2
E735,隔绝空气中的氧气,Substance,,2
E736,热量,Property,,2
E737,Cl-,Concept,,2
E738,油脂,Concept,,2
E739,光照,Condition,,3
E740,苯与溴的反应,Reaction;Condition;Substance,,4
E741,取代反应,Reaction,,5
E742,七,Concept,,2
E743,过氧化钠,PropertyValue;Substance,,9
E744,钠原子,Substance,,5
E745,糖类,Concept,,1
E746,氢碘酸,Substance,,1
E747,灭火剂,Substance,,1
E748,升华,Concept,,2
E749,固态物质不经液态而直接变成气态的现象,Concept,,1
E750,常温下,Concept,,1
E751,盐溶液,Substance,,1
E752,氧化剂,Substance,,7
E753,与氧气反应,Reaction;Condition;Substance,,3
E754,形成沉淀,Concept,,2
E755,使水澄清,Concept,,1
E756,良好,Concept,,2
E757,苯分子,Concept,,2
E758,介于单键和双键之间的独特的键,Concept,,1
E759,高锰酸钾酸性溶液,Substance,,2
E760,表示取代基位置的数字,Concept,,1
E761,“，”号,Concept,,1
E762,铷,Concept,,2
E763,养气,Substance,,2
E764,元素周期表,Concept,,5
E765,钡离子,Substance,,2
E766,最外层电子数小于8,Concept,,1
E767,达到稳定结构,Concept,,2
E768,指示剂的变色范围,Concept,,1
E769,指示剂发生颜色变化的pH范围,Concept,,1
E770,加碘食盐,Substance,,2
E771,碘元素,Concept,,1
E772,氢元素,Concept,,5
E773,氧的同位素,Concept,,3
E774,百分之零点零三七,Concept,,2
E775,鲍林,Concept,,1
E776,电负性概念,Concept,,1
E777,酒精,Substance,,3
E778,二氧化碳气体,Substance,,1
E779,氨的催化氧化,Reaction;Condition;Substance,,4
E780,酚,Concept,,1
E781,生成挥发性的物质,Concept,,1
E782,离子反应发生的条件,Condition,,3
E783,实验室制取氨气,Condition;Substance,,3
E784,用棉花堵住试管口,Condition,,1
E785,氟化物,Concept,,2
E786,正一,Concept,,4
E787,核电荷数增加,Concept,,3
E788,氧族元素单质沸点逐渐升高,Concept,,1
E789,电石与水反应,Reaction;Substance,,1
E790,反应物性质,Concept,,1
E791,通电后,Concept,,1
E792,离子定向移动,Concept,,1
E793,检查离子方程式两边各元素的原子个数和电荷总数是否相等,Concept,,1
E794,复杂化合物,Substance,,1
E795,不支持,Concept,,1
E796,被溶解的物质,Concept,,2
E797,百分之七十八,Concept,,1
E798,金属腐蚀,Reaction,,4
E799,比较高,Concept,,1
E800,混合物的颜色变浅,Concept,,1
E801,合金,Substance,,1
E802,硫酸铜溶液,Substance,,2
E803,零点一二摩尔每升,Value;PropertyValue,,3
E804,化学反应的本质,Concept,,1
E805,氯化铜溶液,PropertyValue;Substance,,2
E806,吸附水里的杂质,Substance,,2
E807,铝与酸反应,Reaction;Substance,,1
E808,正五,Concept,,2
E809,失去一个电子变成钠离子,Concept,,1
E810,任意比,Concept,,1
E811,铜片,Concept,,4
E812,蔗糖,Concept,,3
E813,可溶于水形成溶液,Substance,,1
E814,碳酸氢钠,PropertyValue;Substance,,7
E815,碳酸氢钠与盐酸反应,Reaction;Substance,,3
E816,泥土水混合物,PropertyValue,,3
E817,固体下沉,Concept,,1
E818,钙原子,Concept,,2
E819,最外层的2个电子,Concept,,1
E820,正反应速率等于逆反应速率,Concept,,2
E821,产生白色沉淀，则含有氯离子,Concept,,1
E822,H,Concept,,3
E823,氕,Concept,,4
E824,吸水性,Property,,2
E825,气体与石灰水反应,Reaction;Substance,,2
E826,刺激性气味,PropertyValue,,2
E827,NaCl,Concept,,5
E828,很小,PropertyValue,,4
E829,银盐溶液,Substance,,1
E830,化学表示,Concept,,1
E831,一根短线,Concept,,1
E832,硝酸铵,Concept,,2
E833,氟与水反应,Reaction;Substance,,5
E834,非常剧烈，立即生成氢氟酸和氧气并燃烧,Reaction,,1
E835,氯化钠形成,Substance,,3
E836,浓硫酸脱水,Substance,,2
E837,有机物,Concept,,2
E838,盐酸与可溶性的碱反应,Reaction;Substance,,2
E839,盐和水,Substance,,2
E840,强酸、强碱和大多数盐类,Concept,,1
E841,多元醇,Concept,,2
E842,显正性,Property,,1
E843,N_A,Concept,,2
E844,阿伏加德罗常数,Concept,,1
E845,有剧毒,PropertyValue,,1
E846,粮食,Concept,,1
E847,KClO四,Concept,,1
E848,氧化数为正七元素,Concept,,1
E849,氧化数知识,Concept,,1
E850,物质的化学式,Concept,,1
E851,系统命名法,Concept,,2
E852,主链上碳原子的数目,Concept,,1
E853,零点一二摩尔每升的氯化铝溶液五百毫升,Value,,1
E854,乙烯燃烧,Reaction;Substance,,3
E855,产生白色沉淀,Concept,,1
E856,五氧化二磷与热水反应,Reaction;Substance,,2
E857,盐酸和氧气,Substance,,2
E858,用化学式来表示化学反应的式子,Concept,,1
E859,第三周期,Concept,,2
E860,通常状况下,PropertyValue,,1
E861,碳酸钙,PropertyValue;Substance,,4
E862,沉淀,PropertyValue,,2
E863,大理石,Substance,,1
E864,第一周期,Concept,,3
E865,升高温度,Value;Property;Condition,,3
E866,平衡移动,Concept,,1
E867,制造氢气球,Substance,,1
E868,卤素单质,Substance,,2
E869,随核电荷数的增加而加深,Concept,,1
E870,Ⅷ族,Concept,,2
E871,由三个纵行组成,Concept,,2
E872,原子序数,Concept,,7
E873,核电荷数,Concept,,4
E874,附录一：化学实验,Concept,,8
E875,盐的性质,Concept,,1
E876,氨氧化反应,Reaction,,2
E877,可逆的,Concept,,1
E878,旧化学键断裂和新化学键形成,Concept,,1
E879,元素的性质随着元素原子序数的递增而呈周期性变化的规律,Concept,,1
E880,硫酸钠,Concept,,1
E881,湿润氯气,Substance,,2
E882,碳酸钠比碳酸氢钠稳定,Concept,,1
E883,核酸,Substance,,1
E884,有毒,PropertyValue,,4
E885,一乘以十的负十四次方,Concept,,1
E886,碱性溶液,Substance,,1
E887,氢离子浓度,Value;Property;Condition,,1
E888,一滴水里大约有大量,Property,,1
E889,能量低的电子,Concept,,2
E890,离核较近,Concept,,2
E891,氧分子,Concept,,2
E892,干燥的氯气,Substance,,1
E893,在有机溶剂中的溶解度要远远大于它们在水中的溶解度,Value;Property,,2
E894,摩尔每升每小时,Concept,,1
E895,主族序数,Concept,,2
E896,主族元素原子最外层电子数,Concept,,1
E897,有,Concept,,3
E898,元素性质周期性变化,Concept,,1
E899,元素原子核外电子排布的周期性变化,Concept,,2
E900,1,Value,,3
E901,盐命名,Concept,,4
E902,碱式某酸某,Concept,,1
E903,高分子化合物,Substance,,1
E904,致密坚固,Concept,,1
E905,相互间没有发生反应,Reaction,,2
E906,浓溶液稀释,Concept,,2
E907,稀释前后溶液中溶质的物质的量相等,Concept,,1
E908,盐酸溶液,Substance,,3
E909,五百毫升,Value;PropertyValue,,4
E910,元素的平均原子质量与原子质量的比值,Concept,,1
E911,乙炔与氯化氢加成,Reaction;Condition;Substance,,3
E912,过渡元素,PropertyValue,,5
E913,全部副族元素,Concept,,2
E914,电离平衡,Concept,,9
E915,动态平衡,Concept,,2
E916,过氧化钠与水反应,Reaction;Substance,,4
E917,水的电离平衡向右移动,Concept,,3
E918,氢氧根浓度增大,Concept,,1
E919,白色的沉淀,Substance,,1
E920,越容易失去电子而被腐蚀,Reaction,,1
E921,碳的氧化数,Concept,,1
E922,活泼,Concept,,4
E923,硅元素,Concept,,1
E924,SiO2,Concept,,2
E925,金属制品,Concept,,1
E926,百分之二十一,Concept,,1
E927,电解硫酸铜溶液,Substance,,3
E928,铜失电子生成铜离子,Concept,,1
E929,铁生锈,Concept,,1
E930,元素的氧化数,Concept,,1
E931,完全相同,Concept,,1
E932,O层,Concept,,2
E933,第五电子层,Concept,,1
E934,L层,Concept,,2
E935,第二电子层,Concept,,1
E936,放电,Condition,,1
E937,铵盐,PropertyValue;Substance,,5
E938,与碱共热产生氨,Concept,,1
E939,化学平衡向着吸热反应的方向移动,Concept,,1
E940,用实际参加反应的离子符号表示离子反应的式子,Concept,,1
E941,芳香烃,Concept,,8
E942,分子里含有一个或多个苯环的碳氢化合物,Substance,,1
E943,生成次氯酸,Substance,,2
E944,氯,Concept,,3
E945,浓硝酸与铜反应,Reaction;Substance,,1
E946,硫酸铵,Concept,,1
E947,P层,Concept,,2
E948,72,Value,,1
E949,苯的磺化反应,Reaction;Condition;Substance,,4
E950,涂油脂,Concept,,1
E951,聚氯乙烯,Substance,,3
E952,合成树脂,Concept,,1
E953,九克水,Concept,,1
E954,零点五摩尔溴,Concept,,1
E955,反应进行的程度,Value;Property,,1
E956,侧链,Concept,,1
E957,金属原子失去电子变成阳离子,Concept,,1
E958,阳离子半径,Concept,,1
E959,其原子半径,Concept,,2
E960,氢硫酸,Substance,,3
E961,复杂离子,Concept,,4
E962,离子的总电荷数,Concept,,2
E963,工业制硝酸,Substance,,2
E964,与水反应,Reaction;Substance,,3
E965,一百五十摄氏度到一百六十摄氏度,Value;Property;Condition,,1
E966,主链上的碳原子,Concept,,1
E967,阿拉伯数字依次编号,Concept,,1
E968,氧族元素,Concept,,10
E969,碲,Concept,,1
E970,四面体结构,Concept,,1
E971,质子数,Concept,,2
E972,按各种天然同位素原子所占的一定百分比算出来的平均值,Concept,,1
E973,大于在水中溶解度,Value;Property,,2
E974,硝酸盐水溶液,Substance,,1
E975,无氧化性,Property,,1
E976,甲苯硝化反应,Reaction;Substance,,3
E977,相邻的原子之间强烈的相互作用,Concept,,2
E978,响声很小，只有“扑”的一声,Concept,,1
E979,氢气已纯净,Concept,,1
E980,碳酸氢铵受热分解,Reaction;Substance,,3
E981,较强,Concept,,2
E982,直流电源,Substance,,1
E983,通电,Condition;Substance,,1
E984,丙三醇,Concept,,2
E985,由短周期元素和长周期元素共同构成的族,Concept,,1
E986,电解,Reaction,,2
E987,不完全周期,Concept,,3
E988,第七周期,PropertyValue,,3
E989,氧化有色物质成无色,Property,,1
E990,氯分子,Concept,,2
E991,比乙烯高,Concept,,1
E992,压强对化学平衡的影响,Condition,,1
E993,反应前后气体总体积发生变化,Condition,,1
E994,原子核电荷,Concept,,2
E995,核外电子电荷,Concept,,2
E996,原子半径,Concept,,4
E997,该原子存在的不同形式,Concept,,1
E998,有酸味,Property,,1
E999,炭,Substance,,2
E1000,硫酸与金属或非金属反应,Reaction,,2
E1001,随反应物浓度减小而减小,Concept,,1
E1002,共价半径,Concept,,2
E1003,形成共价单键时的共价半径,Concept,,1
E1004,氢氧化铝受热分解,Reaction;Substance,,2
E1005,离子晶体,Substance,,1
E1006,ⅢB族到ⅡB族,Concept,,2
E1007,性质,Concept,,2
E1008,快慢小于碳酸氢钠,Concept,,1
E1009,"2, 8, 8",Concept,,2
E1010,硫的氧化物,Substance,,4
E1011,氧化数为+6的硫的氧化物,Substance,,2
E1012,各部分性质完全相同,Concept,,1
E1013,电离平衡时,Concept,,2
E1014,保持不变,Concept,,2
E1015,大于钠,Concept,,1
E1016,元素符号,Concept,,3
E1017,C表示碳元素,Concept,,1
E1018,零点零零五摩尔水蒸气,Substance,,1
E1019,电解过程,Concept,,2
E1020,在阳极失去电子发生氧化反应,Reaction,,1
E1021,苯磺酸,Substance,,1
E1022,烷烃命名,Concept,,3
E1023,正异新,Concept,,1
E1024,多数固体物质的溶解度,Value;Property,,2
E1025,原子核,Concept,,9
E1026,两种氧化物,Substance,,1
E1027,乳状混浊液体,PropertyValue;Substance,,1
E1028,胶状的氢氧化铝,Substance,,2
E1029,很不活泼,Concept,,1
E1030,零点零零一摩尔每升,Value,,1
E1031,氘,Concept,,4
E1032,2H,Concept,,1
E1033,失去一个电子,Concept,,1
E1034,氧化钠,PropertyValue;Substance,,5
E1035,芳香烃命名,Concept,,3
E1036,邻间对,Concept,,1
E1037,纤维素,Concept,,1
E1038,硝酸与金属反应,Reaction,,1
E1039,氮的氧化物,Substance,,1
E1040,很难反应,Reaction,,2
E1041,铁与水蒸气反应,Reaction;Condition;Substance,,3
E1042,金属及非金属性的周期性变化,Concept,,1
E1043,O2,Concept,,2
E1044,它能与血液里血红蛋白牢固结合,Concept,,1
E1045,能溶于水,PropertyValue,,2
E1046,B,Concept,,3
E1047,亚硫酸钠与稀硫酸反应,Reaction;Substance,,1
E1048,元素周期表中的第VIA族元素,Concept,,1
E1049,九比八,Concept,,2
E1050,ⅠA到ⅦA族,Concept,,1
E1051,一般的化学方程式,Concept,,1
E1052,分子里含有两个羟基的醇,Concept,,1
E1053,达到化学平衡状态的反应混合物的组成,Concept,,1
E1054,物质所含元素氧化数降低,Concept,,1
E1055,增加单位体积内反应物中活化分子所占的百分比,Concept,,1
E1056,化学反应的速率,Concept,,2
E1057,氮分子,Concept,,2
E1058,三个共价键,Concept,,1
E1059,两个相同原子形成共价键时，其核间距离的一半,Concept,,2
E1060,氢氧化铁受热分解,Reaction;Condition;Substance,,2
E1061,碳原子之间成键,Concept,,3
E1062,双键,Concept,,1
E1063,庚烷,Concept,,2
E1064,丁烷,Concept,,2
E1065,吸附色素,Substance,,1
E1066,合成氨原料,Substance,,1
E1067,核外电子排布的周期性变化,Concept,,2
E1068,硝基,Concept,,1
E1069,官能团,Concept,,5
E1070,明亮的带有浓烟的火焰,Concept,,1
E1071,氯化铵,Substance,,3
E1072,高温,Condition,,4
E1073,n值,Concept,,2
E1074,能级越低,Concept,,2
E1075,电离成为离子,Concept,,1
E1076,悬浊液,Substance,,3
E1077,固体小颗粒悬浮于液体里形成的混合物,Concept,,2
E1078,氢离子,Substance,,5
E1079,从左到右，元素的金属性逐渐减弱,Concept,,1
E1080,受热分解,Reaction,,1
E1081,准金属,Substance,,1
E1082,化学平衡状态,Property,,2
E1083,铝与非金属反应,Reaction;Substance,,1
E1084,红磷,Concept,,3
E1085,相同,Concept,,3
E1086,元素的金属性,Property,,1
E1087,使金属氧化物还原,Reaction,,1
E1088,O,Concept,,1
E1089,氧化数为+4的硫的氧化物,Substance,,3
E1090,生成了其他物质,Concept,,1
E1091,水蒸气,Substance,,3
E1092,非常剧烈并燃烧,Reaction,,1
E1093,链烃,Concept,,2
E1094,SO3,Concept,,2
E1095,一氯甲烷,Substance,,2
E1096,元素组成的单质不是金属的元素,Concept,,1
E1097,氧元素,Concept,,2
E1098,溴的颜色褪去,Concept,,1
E1099,氯化铁溶液,Substance,,1
E1100,加入氯气,Substance,,1
E1101,苯环上的氢原子被溴原子取代,Reaction,,1
E1102,第7周期,Concept,,1
E1103,乙烯通入溴水,Concept,,2
E1104,溴水褪色,Property,,1
E1105,能量最低原理,Condition,,3
E1106,通常情况下，核外电子总是先占有能量最低的电子层，只有当能量最低的电子层占满后，电子才能依次填入能量更高的电子层,Concept,,1
E1107,原子核和核外电子,Concept,,1
E1108,与有色有机物发生加成反应生成无色物质,Concept,,1
E1109,温度改变,Concept,,1
E1110,硫酸钾,Concept,,1
E1111,次氯酸钙与空气反应,Reaction;Substance,,1
E1112,电池,Substance,,3
E1113,高能电池,Concept,,1
E1114,可以从正反应达到,Concept,,1
E1115,浓盐酸溶液,PropertyValue;Substance,,2
E1116,一百二十五毫升,Value,,2
E1117,呈黄色,Property,,3
E1118,"K层, L层, M层, N层, O层, P层, Q层",Concept,,1
E1119,ⅢB族,Concept,,1
E1120,ⅡB族,Concept,,1
E1121,十水合硫酸钠,PropertyValue,,2
E1122,三十二点二克,Value;PropertyValue,,1
E1123,气体单质,Substance,,1
E1124,带有“气”的偏旁,Concept,,1
E1125,4.0,Value,,1
E1126,科学家,Concept,,1
E1127,减小压强,Condition,,1
E1128,气体体积增大的方向移动,Concept,,1
E1129,烃分子里的氢原子被其他原子或原子团取代而演变成的化合物,Substance,,1
E1130,几乎不溶于水,PropertyValue,,1
E1131,氧的同位素2,Concept,,1
E1132,空气中的水,Substance,,2
E1133,放热反应,Reaction,,3
E1134,化学平衡向着放热反应的方向移动,Concept,,1
E1135,制造零件,Substance,,1
E1136,多元弱酸,Substance,,2
E1137,第一步电离,Reaction,,1
E1138,相互作用,Concept,,2
E1139,直接相邻的原子之间,Concept,,2
E1140,Na+,Concept,,2
E1141,有催化剂的存在下,Condition,,1
E1142,Cu原子的半径,Concept,,1
E1143,与足量的锌粒反应,Reaction,,1
E1144,一比一,Concept,,2
E1145,酸命名,Concept,,3
E1146,次某酸,Substance,,1
E1147,氨气的实验室制法,Concept,,1
E1148,铵盐与碱共热,Concept,,1
E1149,参加化学反应的物质的性质,Concept,,1
E1150,溴离子,Concept,,2
E1151,一定的条件,Condition,,1
E1152,电子式,Concept,,4
E1153,氢原子,Concept,,2
E1154,生成氯化氢分子,Substance,,3
E1155,形成共用电子对,Concept,,2
E1156,第四周期,Concept,,2
E1157,配制稀硫酸,Substance,,2
E1158,将水倒入浓硫酸中,Concept,,1
E1159,金属的本性,Property,,1
E1160,硫酸钡沉淀的生成,Concept,,2
E1161,钡离子浓度减小,Concept,,1
E1162,硫酸锂,Concept,,1
E1163,减小,Concept,,2
E1164,中子数,Concept,,2
E1165,N,Concept,,2
E1166,很弱,Concept,,1
E1167,物质质量m除以摩尔质量M,Concept,,1
E1168,点燃或加热,Condition,,1
E1169,第八纵行,Concept,,1
E1170,第Ⅷ族,Concept,,5
E1171,二氧化硫与水的反应,Reaction;Substance,,3
E1172,零点一二摩尔每升的氯化钠溶液五百毫升,Value,,1
E1173,铝与稀硫酸反应,Reaction;Substance,,2
E1174,氧气的化学式,Concept,,2
E1175,O二,Concept,,2
E1176,醋酸,Substance,,5
E1177,液氨,Concept,,1
E1178,铜离子,Concept,,2
E1179,灯泡填充,Concept,,2
E1180,防止钨丝被氧化或挥发,Concept,,1
E1181,研究化学反应发生的条件,Condition,,2
E1182,ⅠB到ⅦB族,Concept,,1
E1183,不能被高锰酸钾氧化,Reaction,,1
E1184,向阴极,Concept,,1
E1185,无色,PropertyValue,,10
E1186,磷与氧气反应,Reaction;Condition;Substance,,3
E1187,阴离子X,Concept,,2
E1188,十八,Concept,,2
E1189,酸性溶液,Substance,,1
E1190,氢氧根浓度,Value;Property;Condition,,2
E1191,镀在金属表面,Substance,,1
E1192,溴乙烷消去反应,Reaction;Condition;Substance,,3
E1193,过氧化氢,PropertyValue;Substance,,4
E1194,亚硫酸,Substance,,3
E1195,硝酸与碱反应,Reaction;Substance,,2
E1196,零点零零五摩尔氢气,Substance,,1
E1197,氯化汞,Condition,,1
E1198,金属性,Property,,2
E1199,分子式,Concept,,3
E1200,分子型物质中一个分子所包含的各种元素原子的数目,Concept,,1
E1201,介质,Concept,,1
E1202,合成氨反应,Reaction;Condition;Substance,,4
E1203,活泼的化学性质,Concept,,1
E1204,苯的硝化反应,Reaction;Condition;Substance,,5
E1205,共热至五十五摄氏度到六十摄氏度,Value;Property;Condition,,1
E1206,制硝酸原料,Substance,,1
E1207,原子核电荷数为17,Concept,,2
E1208,17个电子,Concept,,1
E1209,在化学反应里能够改变其他物质的化学反应速率，而本身的质量和化学性质在化学反应前后都没有变化的物质,Concept,,1
E1210,化合物,Substance,,7
E1211,产生色沉淀,Concept,,2
E1212,一体积水大约能溶解四十体积的二氧化硫,Concept,,1
E1213,酸、碱溶液的中和反应,Reaction,,1
E1214,很快,Concept,,1
E1215,钠与氯气的反应,Reaction,,4
E1216,钠元素氧化数升高,Concept,,1
E1217,一种或几种物质分散到另一种物质里，形成均一的、稳定的混合物,Concept,,2
E1218,没有颜色,PropertyValue,,2
E1219,环己烷,Substance,,1
E1220,铜元素氧化数降低,Concept,,1
E1221,某些金属氧化物,Substance,,1
E1222,同温同压下，等质量的下列气体,Substance,,1
E1223,碱金属元素,Concept,,8
E1224,最外层电子数为1,Concept,,1
E1225,甲苯,Substance,,5
E1226,硝酸和浓硫酸的混合酸,Substance,,1
E1227,c_B,Concept,,3
E1228,n_B除以V,Concept,,2
E1229,碳碳三键,Concept,,1
E1230,变蓝色,Property,,1
E1231,B的物质的量浓度,Value;Property;Condition,,1
E1232,衡量化学反应进行的快慢程度的物理量,Property,,1
E1233,尖锐的爆鸣声,Concept,,1
E1234,氢气不纯,Concept,,1
E1235,氯化镁溶液,PropertyValue;Substance,,2
E1236,氨与氯化氢重新结合,Substance,,2
E1237,溴化钠,Concept,,1
E1238,酒精溶液,Substance,,4
E1239,75%,Value,,1
E1240,最简式的整数倍,Concept,,1
E1241,磺化反应,Reaction,,1
E1242,苯分子里的氢原子被硫酸分子里的磺酸基取代的反应,Reaction,,1
E1243,单质碘,Concept,,1
E1244,同素异形体,Substance,,2
E1245,二甲苯,Substance,,5
E1246,苯分子中的两个氢原子被甲基取代,Reaction,,1
E1247,化学反应中的最小粒子,Concept,,1
E1248,比较稳定,Concept,,1
E1249,负极,Concept,,1
E1250,氯化镁,Concept,,3
E1251,各物质之间的质量关系,Concept,,2
E1252,氧化数为+4和+6,Concept,,1
E1253,化学式中各原子的相对原子质量的总和,Concept,,1
E1254,醋酸分子,Concept,,1
E1255,某化某,Concept,,1
E1256,各元素原子氧化数的代数和等于离子的总电荷数,Concept,,3
E1257,一体积水溶解两体积氯气,Substance,,1
E1258,二氧化锰,Condition;Substance,,6
E1259,乙烯聚合,Reaction;Condition;Substance,,5
E1260,聚合反应,Reaction,,2
E1261,电子在原子核外空间一定范围内出现，想象为一团带负电荷的云雾,Concept,,1
E1262,次氯酸盐,Substance,,2
E1263,比次氯酸稳定,Concept,,2
E1264,盐类的水解,Reaction;Substance,,8
E1265,酸和碱,Substance,,1
E1266,一二-二溴乙烷,PropertyValue;Substance,,2
E1267,氧的参与,Concept,,1
E1268,不同物质的分子,Concept,,2
E1269,黄绿色,PropertyValue,,2
E1270,铁与浓酸反应,Reaction;Condition,,2
E1271,钝化,Reaction,,3
E1272,红热,Condition,,1
E1273,水溶液中物质的溶解度,Value;Property,,1
E1274,增大,Concept,,1
E1275,焊接金属时的保护气,Substance,,1
E1276,沸点,Concept,,1
E1277,氧化还原反应方程式配平,Concept,,4
E1278,找出元素原子氧化数降低值与元素原子氧化数升高值,Concept,,1
E1279,核电荷增加,Concept,,2
E1280,原子核对核外电子吸引力增强,Concept,,1
E1281,范德华半径,Concept,,2
E1282,在分子晶体中，分子之间是以范德华力结合的，相邻分子核间距的一半,Concept,,1
E1283,轴原子,Concept,,3
E1284,一百四十六,Concept,,1
E1285,两千五百九十五摄氏度,Value;Property,,1
E1286,九十二,Concept,,2
E1287,物质的量浓度,Value;Property;Condition,,9
E1288,以单位体积溶液里所含溶质B的物质的量来表示溶液组成的物理量,Property,,1
E1289,过氧化氢分解,Reaction;Condition;Substance,,3
E1290,不同的取代基,Concept,,1
E1291,简单的写在前面，复杂的写在后面,Concept,,1
E1292,干燥剂,Condition;Substance,,3
E1293,固体溶质的不饱和溶液,Substance,,2
E1294,加同种溶质,Concept,,1
E1295,气体、固体、液体,Substance,,1
E1296,百分之九十九点七五九,Concept,,2
E1297,全部电离,Reaction,,1
E1298,白色沉淀,PropertyValue,,2
E1299,含有氯离子,Concept,,1
E1300,氨溶于水,Substance,,2
E1301,活泼金属,Substance,,2
E1302,活泼的非金属,Substance,,1
E1303,减少反应物浓度,Value;Property;Condition,,1
E1304,逆反应方向移动,Concept,,2
E1305,银白色,PropertyValue,,2
E1306,王水,PropertyValue,,6
E1307,强腐蚀性,Property,,2
E1308,五氧化二磷,Substance,,2
E1309,酸性氧化物,Substance,,1
E1310,棕色瓶中,Concept,,1
E1311,透明的液体,PropertyValue;Substance,,1
E1312,氢氧根,Concept,,2
E1313,负一,Concept,,3
E1314,Cu表示铜元素,Concept,,1
E1315,摩尔每升,Value,,1
E1316,各物质都保持原来的性质,Concept,,2
E1317,高温下能与许多物质反应,Reaction,,1
E1318,木炭在纯氧中燃烧,Reaction,,2
E1319,比在空气中燃烧更为剧烈,Concept,,1
E1320,石灰水,Substance,,2
E1321,氯化亚铁,Substance,,2
E1322,不活泼,Concept,,2
E1323,失电子达到稳定结构,Concept,,3
E1324,固体单质,Substance,,1
E1325,带有“石”的偏旁,Concept,,1
E1326,三氧化硫与水的反应,Reaction;Substance,,3
E1327,卤族元素,Concept,,10
E1328,7个,Concept,,2
E1329,CH三CH括号CH三括号CH括号CH三括号二,Concept,,1
E1330,二三-二甲基丁烷,Concept,,1
E1331,R二正,Concept,,2
E1332,x,Concept,,1
E1333,蓝紫色,Property,,1
E1334,碱的性质,Concept,,1
E1335,冷的浓硫酸,Substance,,2
E1336,铝容器,Concept,,1
E1337,有机物命名,Concept,,3
E1338,烯烃炔烃命名,Concept,,3
E1339,标准状况下二氧化碳,Concept,,1
E1340,3,Value,,1
E1341,质量,Property,,1
E1342,m = n * M,Concept,,1
E1343,金溶解,Reaction;Property,,1
E1344,原子半径相关,Concept,,1
E1345,尚未填满,PropertyValue,,1
E1346,第六周期,Concept,,2
E1347,蓝色,Property,,2
E1348,粗盐的提纯,Concept,,1
E1349,过氧化钠与二氧化碳反应,Reaction;Substance,,3
E1350,相同的取代基,Concept,,2
E1351,合并并用“二、三”等数字表示,Concept,,1
E1352,四点零,Concept,,1
E1353,除去液溴中少量氯气,Substance,,1
E1354,加入适量的溴化钠,Concept,,2
E1355,乙炔燃烧,Reaction;Substance,,4
E1356,乳状混浊的液体,PropertyValue;Substance,,1
E1357,生成氢氧化亚铁,Substance,,2
E1358,失去电子的物质,Concept,,1
E1359,n = V / 22.4 L/mol,Concept,,2
E1360,向下排空气法,Substance,,2
E1361,物质的量n等于粒子数N除以阿伏伽德罗常数N_A,Concept,,1
E1362,差,Concept,,2
E1363,第1周期,Concept,,2
E1364,铁失去电子,Substance,,2
E1365,卤离子,Concept,,2
E1366,快慢大于碳酸钠,Concept,,1
E1367,被氧化,Reaction,,2
E1368,固体溶于液体,Substance,,2
E1369,氯气的气味,PropertyValue,,1
E1370,溶液稀释,Concept,,2
E1371,稀释前后,Concept,,1
E1372,常用仪器介绍,Concept,,1
E1373,VIII族,Concept,,1
E1374,浓度,Value;Property;Condition,,1
E1375,同位素的丰度,Value;Property;Condition,,1
E1376,两个原子核的共同吸引,Concept,,2
E1377,一氧化碳具有毒性,Property,,1
E1378,能与血液里血红蛋白牢固结合,Concept,,1
E1379,带有浓烟的火焰,Concept,,1
E1380,天然存在的元素,Concept,,1
E1381,一般不变,Concept,,1
E1382,十二水合硫酸铝钾,Concept,,1
E1383,明矾,PropertyValue;Substance,,4
E1384,青白色,PropertyValue,,1
E1385,氖,Concept,,2
E1386,160pm,Concept,,1
E1387,排空气法收集氢气,Substance,,1
E1388,氢气密度小于空气,Substance,,1
E1389,最轻的气体,Substance,,1
E1390,十二摩尔每升,Value;PropertyValue,,1
E1391,锑,Concept,,2
E1392,周期,Concept,,6
E1393,电子层数,Concept,,2
E1394,钠在空气中燃烧,Reaction;Substance,,2
E1395,铁在氧气中燃烧,Reaction;Substance,,2
E1396,氯化氢气体与空气中的水蒸气反应,Reaction;Substance,,2
E1397,有白雾生成,Concept,,1
E1398,M减x减二,Concept,,1
E1399,电子层n值,Concept,,2
E1400,容易液化,Concept,,1
E1401,中性溶液,Substance,,2
E1402,一乘以十的负七次方摩尔每升,Value,,2
E1403,标准状况下物质的量与气体体积的关系,Concept,,1
E1404,物质的量n等于气体体积V除以二十二点四升每摩尔,Value,,1
E1405,第六电子层,Concept,,1
E1406,电子流入,Concept,,1
E1407,煤油反应,Reaction,,1
E1408,中和反应,Reaction,,4
E1409,电石,Substance,,1
E1410,液态的水沸腾,Substance,,2
E1411,SO2,Concept,,3
E1412,氢氧化钠与酸中和反应,Reaction;Substance,,2
E1413,电负性,Property,,2
E1414,溶液组成表示方法,Concept,,2
E1415,碘的加热现象,Concept,,1
E1416,排水法收集氢气,Substance,,1
E1417,氢气难溶于水,Concept,,1
E1418,原子核半径,Concept,,2
E1419,浓硫酸溶解于水,Concept,,1
E1420,灰绿色,Property,,1
E1421,配制百分之十的氢氧化钠溶液一百克,Value;Condition,,1
E1422,百分之二十的氢氧化钠溶液五十克,Value;Condition,,1
E1423,化学平衡的移动,Concept,,2
E1424,有金属光泽,Concept,,1
E1425,漂白粉作用反应,Reaction;Substance,,3
E1426,铁丝,Substance,,1
E1427,凝聚水中的悬浮物,Substance,,1
E1428,烷烃的例子,Concept,,1
E1429,放热,Concept,,2
E1430,氯气分子,Substance,,2
E1431,氯原子的共价半径,Concept,,1
E1432,一到十八号元素的核外电子排布、原子半径和主要氧化数,Concept,,1
E1433,加入同种溶质,Concept,,1
E1434,使不饱和溶液成为饱和溶液,Substance,,2
E1435,原子半径呈现周期性变化,Concept,,2
E1436,常温下不活泼,Concept,,1
E1437,计算水中氢元素的质量分数,Concept,,2
E1438,氢的相对原子质量乘以二除以水的相对分子质量乘以百分之百,Concept,,2
E1439,容易溶解在有机溶剂中,PropertyValue,,2
E1440,颜色变浅,Concept,,2
E1441,二氧化氮浓度减小,Concept,,2
E1442,钙原子失电子,Concept,,1
E1443,零点二摩尔每升的硝酸钡溶液五百毫升,Value,,1
E1444,制造铜合金,Substance,,1
E1445,黄色,Property,,4
E1446,金,Concept,,1
E1447,烷烃,Concept,,10
E1448,比氧更活泼,Concept,,1
E1449,次某酸某,Concept,,1
E1450,按各种天然同位素原子所占百分比算出的平均值,Concept,,2
E1451,恒温蒸发溶剂,Substance,,2
E1452,立方米每摩尔,Value,,1
E1453,比较活泼,Concept,,2
E1454,元素主要氧化数的周期性变化,Concept,,2
E1455,旧化学平衡的破坏、新化学平衡的建立过程,Concept,,1
E1456,氢元素氧化数升高,Concept,,2
E1457,标准状况下,Concept,,2
E1458,实验室制取氢气,Substance,,2
E1459,难溶于水,PropertyValue,,3
E1460,氧族元素单质熔点逐渐升高,Concept,,1
E1461,最强,Concept,,2
E1462,氯气与碱反应,Reaction;Substance,,3
E1463,次氯酸盐、金属氯化物和水,Substance,,1
E1464,把原子数标在相应的元素符号的右下角,Concept,,1
E1465,阳极金属,Substance,,2
E1466,正二到零,Concept,,1
E1467,乙烷,Concept,,2
E1468,既不是还原剂又不是氧化剂,Substance,,1
E1469,碱溶液,Substance,,1
E1470,Ar,Concept,,2
E1471,十水合硫酸钠溶液,Substance,,2
E1472,二十二点四升,Value,,1
E1473,一氧化氮与氧气反应,Reaction;Condition;Substance,,3
E1474,逐渐减小,Concept,,1
E1475,n_B,Concept,,1
E1476,B的物质的量,Property,,1
E1477,氧化与还原同时发生,Concept,,1
E1478,亚某酸,Substance,,1
E1479,百分之九十八的硫酸,PropertyValue;Substance,,1
E1480,从水中萃取溴和碘,Substance,,2
E1481,稀释百分之九十八的硫酸,Substance,,1
E1482,四百四十克,Value,,2
E1483,不饱和溶液变成饱和溶液,Substance,,2
E1484,氯化钠溶液稀释,Concept,,3
E1485,百分之十,Concept,,2
E1486,在水中溶解度很小,PropertyValue,,2
E1487,酸的通性,Property,,3
E1488,小于七,Concept,,1
E1489,阴离子半径,Concept,,1
E1490,硝酸钾,Concept,,1
E1491,溴化镁,Concept,,1
E1492,离子键形成,Concept,,2
E1493,零点零零五摩尔一氧化碳,Concept,,1
E1494,浑浊液体,PropertyValue;Substance,,1
E1495,同系物,Concept,,2
E1496,结构相似，在分子组成上相差一个或者十个CH二原子团的物质,Concept,,1
E1497,三硝基甲苯,Substance,,2
E1498,最外层,Concept,,2
E1499,8个电子,Concept,,1
E1500,零族,Concept,,2
E1501,正负氧化数的代数和为零,Concept,,2
E1502,地壳中含量最丰富的元素,PropertyValue,,1
E1503,适宜的温度,Value;Property;Condition,,1
E1504,二氧化碳含量猛增,Concept,,1
E1505,温室效应,Concept,,2
E1506,Mr,Concept,,2
E1507,氧化亚铁被氧化,Reaction;Condition;Substance,,2
E1508,淀粉,Substance,,1
E1509,主族元素,Concept,,3
E1510,六个电子发生偏移,Concept,,1
E1511,氧化数为正六的化合物,Substance,,1
E1512,碱,Substance,,3
E1513,不稳定性,Property,,3
E1514,参加化学反应的各物质的质量总和等于反应后生成的各物质的质量总和,Concept,,2
E1515,质量守恒定律,Concept,,3
E1516,元素原子氧化数升高的总数等于元素原子氧化数降低的总数,Concept,,1
E1517,第5周期,Concept,,1
E1518,氢离子浓度增大,Concept,,1
E1519,最后为零,Concept,,1
E1520,金属与氯气反应,Reaction;Condition;Substance,,2
E1521,氯化物,Substance,,1
E1522,最外层只有一个电子,Concept,,1
E1523,液体单质,Substance,,1
E1524,带有“氵”的偏旁,Concept,,1
E1525,使电流通过电解质溶液而在阴、阳两极引起氧化还原反应的过程,Concept,,1
E1526,某气体,Substance,,1
E1527,六十四克每摩尔,Value,,2
E1528,周期的序数,Concept,,1
E1529,该周期元素具有的电子层数,Concept,,1
E1530,百分之二十的氯化钠溶液,PropertyValue;Substance,,1
E1531,四百克,Value;PropertyValue,,3
E1532,待确定,Concept,,1
E1533,质子数相同而中子数不同的同一元素的不同原子,Concept,,2
E1534,正电荷,Concept,,2
E1535,零点零零五摩尔二氧化碳,Concept,,1
E1536,氮气加氢气生成氨气,Substance,,2
E1537,降温,Concept,,1
E1538,不同元素的原子按其质子数目由小到大排列的顺序数,Concept,,2
E1539,原子核外电子层数增加,Concept,,2
E1540,反应物、生成物和反应条件,Condition,,1
E1541,饱和溶液里溶质的质量,Property,,2
E1542,饱和溶液的质量,Property,,1
E1543,有元素氧化数升降的化学反应,Reaction,,1
E1544,乙酸,Substance,,2
E1545,硫酸亚铁,Substance,,3
E1546,非金属,Substance,,2
E1547,晶体,PropertyValue;Substance,,3
E1548,产生黄色沉淀,Concept,,1
E1549,每升高十摄氏度，化学反应速率增大到原来的二到四倍,Concept,,1
E1550,分步进行,Concept,,1
E1551,烃的衍生物命名,Concept,,2
E1552,标明位置和取代基,Concept,,1
E1553,三比二比一,Concept,,2
E1554,卤族元素原子,Concept,,3
E1555,四百一十九点四摄氏度,Value;Property,,1
E1556,元素周期表中的不同位置,Concept,,1
E1557,易溶于有机溶剂,PropertyValue;Substance,,1
E1558,氨水,Substance,,5
E1559,弱碱性,Property,,1
E1560,剧烈化合并发生爆炸,Concept,,1
E1561,增加活化分子百分数,Concept,,1
E1562,二氧化碳和水,Concept,,1
E1563,n等于m除以M,Concept,,1
E1564,Na和Na正,Concept,,2
E1565,核外电子层数,Concept,,1
E1566,千克每摩尔,Value,,1
E1567,周期表中第VIIA族,Concept,,1
E1568,饱和烃,Concept,,1
E1569,n = V / V_m,Concept,,1
E1570,第6周期,Concept,,1
E1571,+6,Concept,,2
E1572,电解槽,Concept,,2
E1573,把电能转变为化学能,Concept,,2
E1574,铁红,Concept,,1
E1575,零点零一二千克碳十二,Concept,,1
E1576,约六点零二乘以十的二十三次方个碳原子,Concept,,1
E1577,澄清石灰水,Substance,,1
E1578,低氧化数状态,Property,,1
E1579,硒,Concept,,2
E1580,金属光泽,Concept,,1
E1581,氯化钠熔融状态,Property,,1
E1582,能够导电,Property,,2
E1583,氧化物命名,Concept,,3
E1584,几氧化几某,Concept,,1
E1585,二百三十八,Concept,,1
E1586,在水溶液里或熔融状态下能够导电的化合物,Substance,,1
E1587,己烷,Concept,,2
E1588,五种,Concept,,1
E1589,主链,Concept,,2
E1590,百分之七十,Concept,,1
E1591,木炭在氧气中燃烧,Reaction;Substance,,3
E1592,最外层电子数小于八个,Concept,,1
E1593,计算物质中某一元素的质量分数,Concept,,1
E1594,用来衡量化学反应进行的快慢,Concept,,1
E1595,石灰石,Substance,,1
E1596,原子共价半径逐渐减小,Concept,,2
E1597,核电荷增加，原子核对核外电子吸引力增强,Concept,,1
E1598,小液滴分散到液体里形成的混合物,Concept,,2
E1599,难溶物,Concept,,3
E1600,其他成分,Concept,,1
E1601,带有“钅”的偏旁,Concept,,2
E1602,血红蛋白结合,Concept,,1
E1603,非常剧烈,Concept,,2
E1604,饱和一元醇,Concept,,3
E1605,乙醇,PropertyValue;Substance,,3
E1606,B容器,Concept,,2
E1607,带正电荷,Concept,,1
E1608,紫杉醇中碳元素的质量分数,Condition,,1
E1609,计算,Condition,,1
E1610,同分异构体数目越多,Concept,,1
E1611,白色粉末的质量,Property,,1
E1612,原来镁条的质量,Property,,1
E1613,溶于水,PropertyValue,,1
E1614,取代基,Concept,,2
E1615,阿拉伯数字,Concept,,1
E1616,溴化氢生成氢气和溴蒸气,Substance,,2
E1617,焊接金属,Substance,,3
E1618,带正电的离子,Concept,,2
E1619,明亮,Concept,,1
E1620,H2O,Concept,,2
E1621,氢元素的质量分数,Concept,,2
E1622,氧化钠与氧气反应,Reaction;Substance,,1
E1623,湿润的氯气,Substance,,1
E1624,含四到十一个碳的醇,PropertyValue,,2
E1625,可以部分溶于水,PropertyValue,,1
E1626,四个电子发生偏移,Concept,,1
E1627,氧化数为正四的化合物,Substance,,1
E1628,D,Concept,,2
E1629,正、逆反应速率相等,Concept,,1
E1630,硫酸稀释,Concept,,3
E1631,V二,Concept,,1
E1632,带负电的离子,Concept,,2
E1633,阴离子,Concept,,3
E1634,可逆反应,Reaction,,2
E1635,排水法,Substance,,2
E1636,制取氧化钠,Substance,,2
E1637,燃烧,Reaction,,3
E1638,氯化铵与氢氧化钠反应,Reaction;Substance,,1
E1639,氧化铁与酸反应,Reaction;Substance,,1
E1640,根据单质常温状态决定偏旁,Concept,,1
E1641,日晒海水,Concept,,2
E1642,受热时海水中的水分蒸发,Concept,,1
E1643,最简式,Concept,,2
E1644,58.5克每摩尔,Value,,1
E1645,铀原子,Concept,,3
E1646,238,Value,,1
E1647,白色粉末,Substance,,2
E1648,镁条,Concept,,1
E1649,十八个纵行,Concept,,2
E1650,相同质量的镁和铝,Concept,,1
E1651,亚某酸某,Concept,,1
E1652,天干序数,Concept,,1
E1653,小苏打,Concept,,1
E1654,类似醋酸,Substance,,1
E1655,每一周期,Concept,,2
E1656,氟、氯、溴、碘,Concept,,2
E1657,随核电荷数增加而增强（不正确）,Concept,,1
E1658,吸电子能力较强的原子显负性,Property,,1
E1659,1个电子,Concept,,2
E1660,周期性的变化,Concept,,1
E1661,摩尔每升每秒,Concept,,2
E1662,K层,Concept,,2
E1663,2,Value,,1
E1664,氧族元素非金属性逐渐减弱,Concept,,1
E1665,稀硝酸与铜反应,Reaction;Substance,,1
E1666,试剂瓶中加水,Concept,,1
E1667,不纯金属与电解质溶液发生原电池反应,Reaction,,1
E1668,碘离子,Concept,,2
E1669,KMnO4,Concept,,2
E1670,密度,Value;Property,,1
E1671,水的化学式,Concept,,1
E1672,H二O,Concept,,2
E1673,静电作用,Concept,,2
E1674,一摩尔任何粒子的粒子数,Concept,,1
E1675,不止表示一定物质间的某个反应,Reaction,,1
E1676,钠离子与氯离子之间的作用,Concept,,1
E1677,钾离子,Concept,,2
E1678,加热到八百摄氏度,Value;Property;Condition,,1
E1679,氯化氢气体,Substance,,3
E1680,都在同一个平面上,Concept,,1
E1681,六个,Concept,,1
E1682,同种物质的分子,Concept,,2
E1683,电中性,Property,,2
E1684,有电子转移的反应,Reaction,,1
E1685,密封保存,Concept,,2
E1686,氧气的制取和性质,Concept,,1
E1687,漂白,Reaction;Substance,,1
E1688,七点一四克每立方厘米,PropertyValue,,1
E1689,不变,Concept,,3
E1690,戊烷,Concept,,1
E1691,三种,Concept,,1
E1692,制造黑火药,Substance,,1
E1693,灼热,Condition,,1
E1694,一点一二升二氧化碳,Concept,,1
E1695,臭鸡蛋气味,PropertyValue,,1
E1696,纯净氢气,Condition;Substance,,1
E1697,气体使湿润红色石蕊试纸变蓝,Concept,,2
E1698,等于原子核外电子层数,Concept,,1
E1699,单键,Concept,,1
E1700,生成盐酸和次氯酸,Substance,,1
E1701,形成致密氧化膜,Concept,,2
E1702,阻止内部金属继续反应,Reaction,,1
E1703,氮原子,Concept,,1
E1704,保存在棕色瓶里,Concept,,1
E1705,离核越近,Concept,,2
E1706,高压,Condition,,1
E1707,二十三克每摩尔,Value,,1
E1708,铁与酸反应,Reaction;Substance,,2
E1709,与氧气化合,Reaction;Condition;Substance,,3
E1710,卤代,Concept,,1
E1711,分解,Reaction,,1
E1712,容易失去最外层电子,Concept,,2
E1713,加入稀硫酸,Substance,,1
E1714,使溶液中离子浓度增大,Concept,,1
E1715,一对共用电子,Concept,,2
E1716,用一根短线表示,Concept,,1
E1717,纯净的氢气,Substance,,1
E1718,习惯命名法,Concept,,1
E1719,分子里所含碳原子的数目,Concept,,1
E1720,冶金,Substance,,1
E1721,KMnO四,Concept,,1
E1722,汞,PropertyValue,,1
E1723,富硒茶叶,Concept,,2
E1724,硒元素,Concept,,1
E1725,略微增加,Concept,,2
E1726,百分之零点二零四,Concept,,2
E1727,一定量溶剂,Condition;Substance,,2
E1728,92,Value,,2
E1729,两个原子核,Concept,,1
E1730,全球气候变暖,Concept,,1
E1731,同一主族,Concept,,3
E1732,金属性逐渐增强,Concept,,1
E1733,量多的液体,Substance,,1
E1734,参加反应的各物质的原子重新组合而生成其他物质的过程,Concept,,1
E1735,硝化反应,Reaction,,1
E1736,苯分子里的氢原子被硝基所取代的反应,Reaction,,1
E1737,次氯酸钙与二氧化碳和水反应,Reaction;Substance,,1
E1738,有机物分子中的双键两端的碳原子与其他原子或原子团直接结合生成新的化合物的反应,Reaction,,1
E1739,溶剂,Substance,,3
E1740,同主族元素,Concept,,2
E1741,从上到下，金属性逐渐增强，非金属性逐渐减弱,Concept,,1
E1742,氦,Concept,,2
E1743,"K, L, M, N, O, P, Q",Concept,,1
E1744,非金属性,Property,,2
E1745,破坏直接相邻的原子之间的相互作用,Condition,,1
E1746,消耗比较大的能量,Property;Condition,,1
E1747,实验室,Concept,,2
E1748,碱石灰,Substance,,2
E1749,建立新的平衡状态,Property,,1
E1750,八个,Concept,,1
E1751,基本物理量,Property,,1
E1752,制造电缆,Substance,,1
E1753,六个碳原子和六个氢原子,Concept,,1
E1754,蒸馏水,Concept,,2
E1755,不属于溶液,Substance,,1
E1756,具有相同的电子层数的元素按照原子序数递增的顺序排列的一个横行,Concept,,1
E1757,超重氢,Concept,,1
E1758,溶液的配制,Concept,,1
E1759,加热高锰酸钾制取氧气,Substance,,1
E1760,NH三,Concept,,1
E1761,颗粒,PropertyValue,,1
E1762,一千零八十三摄氏度,Value;Property,,1
E1763,碳氢化合物及其衍生物,Concept,,1
E1764,反应物浓度越大，反应速率越大,Concept,,1
E1765,理想气体,Substance,,2
E1766,压强不大、温度较高,Concept,,2
E1767,极易溶于水,PropertyValue,,2
E1768,过氧化某,Concept,,1
E1769,平衡移动原理,Concept,,1
E1770,吕·查德里原理,Concept,,2
E1771,五十摄氏度到六十摄氏度,Value;Property;Condition,,1
E1772,可能形成同分异构体,Substance,,2
E1773,催化剂存在下反应,Reaction,,1
E1774,饱和溶液里溶剂的质量,Property,,1
E1775,苯分子里的氢原子被硫酸分子里的磺酸基取代,Reaction,,1
E1776,活泼金属与活泼的非金属化合,Reaction,,1
E1777,不含中子的氢原子,Concept,,2
E1778,醋酸根离子,Concept,,2
E1779,浓烈的黑烟,Concept,,1
E1780,使电流通过电解质溶液,Substance,,1
E1781,含有一个苯环结构,Concept,,2
E1782,氯化铵溶液,Substance,,1
E1783,酸性,Property,,1
E1784,体积分数,Concept,,1
E1785,黄色沉淀,Concept,,1
E1786,含有碘离子,Concept,,1
E1787,族序数,Concept,,2
E1788,铜盐溶液,Substance,,1
E1789,长碳链,Concept,,1
E1790,此气体,Substance,,1
E1791,点燃氢气,Condition;Substance,,2
E1792,检验氢气的纯度,Value;Property;Condition,,1
E1793,氧的同位素3,Concept,,1
E1794,电磁波,Concept,,1
E1795,化学反应速率产生影响,Concept,,3
E1796,共价键,Concept,,4
E1797,碳酸氢钠稳定性小于碳酸钠,Concept,,1
E1798,氧化铝与盐酸反应,Reaction;Substance,,2
E1799,铝盐,Substance,,1
E1800,H2分子,Concept,,2
E1801,H-H,Concept,,1
E1802,杂质,Concept,,2
E1803,锌和稀硫酸反应,Reaction;Substance,,2
E1804,紫黑色,PropertyValue,,1
E1805,化学反应所能达到的最大限度,Value;Property,,1
E1806,带一个单位的正电荷,Concept,,1
E1807,元素原子的电子层排布呈现周期性变化,Concept,,2
E1808,物质不需要发生化学变化就表现出来的性质,Concept,,1
E1809,电解质分子电离成离子的速率和离子重新结合生成分子的速率相等时的状态,Property,,1
E1810,金属性逐渐减弱,Concept,,1
E1811,加热氯酸钾制取氧气,Condition;Substance,,2
E1812,暗处,Condition,,1
E1813,防止金属被氧化,Reaction,,1
E1814,黑暗且温度低的地方,Concept,,1
E1815,磷酸盐,Substance,,3
E1816,化肥,Substance,,1
E1817,HCl分子,Concept,,2
E1818,反应中是否有离子参加,Concept,,1
E1819,一般情况下不能与溴发生加成反应,Reaction,,1
E1820,铁容器,Concept,,1
E1821,仅含碳氢两种元素的有机化合物,Substance,,1
E1822,铂溶解,Reaction;Property,,1
E1823,一元醇,Concept,,1
E1824,盐酸和氯气,Substance,,1
E1825,碱命名,Concept,,1
E1826,氢氧化某,Concept,,1
E1827,切割金属,Substance,,2
E1828,密封,Concept,,1
E1829,卤素原子,Concept,,1
E1830,有延展性,Property,,1
E1831,可以得到两个电子,Concept,,1
E1832,从上到下，元素的金属性逐渐增强,Concept,,1
E1833,氯化钠水溶液,Substance,,1
E1834,铝与氢氧化钠溶液反应,Reaction;Substance,,2
E1835,采用拉丁文名称的第一个大写字母,Concept,,1
E1836,七个,Concept,,2
E1837,拉丁文名称的第一个大写字母,Concept,,1
E1838,共用电子对会偏向吸电子能力较强原子的共价键,Concept,,1
E1839,弱酸性,Property,,1
E1840,制造电线,Substance,,1
E1841,由两种或多种物质混合而成,Concept,,1
E1842,化学反应中的最小微粒,Concept,,1
E1843,由相对分子质量小的化合物分子结合成相对分子质量大的高分子的反应,Reaction,,1
E1844,游离态氧单质,PropertyValue;Substance,,1
E1845,硫酸根离子浓度减小,Concept,,1
E1846,最外电子层中的电子,Concept,,1
E1847,价电子,Concept,,1
E1848,合成其他化学物质,Substance,,1
E1849,次外层,Concept,,2
E1850,十八个,Concept,,2
E1851,二元酸,Substance,,1
E1852,炔烃,Concept,,8
E1853,C_n H_二n减二,Concept,,1
E1854,氧化钠与氧气化合,Reaction;Substance,,2
E1855,生成氢氧化铁,Substance,,2
E1856,量少的一种,Concept,,1
E1857,含有一定数目粒子的集体,Substance,,1
E1858,溶液酸性越弱，碱性越强,Concept,,1
E1859,碳反应,Reaction,,1
E1860,氧化数标在元素符号的上方,Concept,,1
E1861,失电子被氧化,Reaction,,1
E1862,氖的范德华半径,Concept,,1
E1863,铁的生锈,Concept,,1
E1864,得到电子的物质,Concept,,1
E1865,被还原成金属,Substance,,1
E1866,原子核所带的电荷数目,Concept,,1
E1867,新制氯水应存放在棕色瓶中,Concept,,1
E1868,盐酸与不溶性的碱反应,Reaction;Substance,,2
E1869,空气中的水反应,Reaction,,1
E1870,滴入稀硝酸,Condition;Substance,,2
E1871,已纯净,Concept,,1
E1872,难电解的物质,Concept,,3
E1873,苯酚,Concept,,1
E1874,保持原来的性质,Concept,,1
E1875,第一个化学元素周期表,Concept,,2
E1876,脱水性,Property,,2
E1877,不指明溶剂的溶液,Substance,,1
E1878,不饱和溶液转化为饱和溶液,Substance,,2
E1879,氧化性越强,Concept,,2
E1880,均一,Concept,,1
E1881,标准状况下物质的量,Property,,1
E1882,很脆,Concept,,1
E1883,非极性键,Concept,,1
E1884,冶炼钒,Concept,,1
E1885,氢氧化钠与酸反应,Reaction;Substance,,2
E1886,在潮湿的空气中,Concept,,1
E1887,增加反应物分子能量,Property,,1
E1888,原子核内所有的质子和中子的相对质量取近似整数值加起来所得的数值,Concept,,1
E1889,氨的水溶液,Substance,,1
E1890,还原性,Property,,2
E1891,可以从逆反应达到,Concept,,1
E1892,强碱,Substance,,2
E1893,弱电解质电离,Reaction,,2
E1894,未电离的电解质分子和已电离的离子处于平衡状态,Property,,1
E1895,元素的物理、化学性质随原子序数逐渐变化的规律,Concept,,2
E1896,乙烯与氯化氢反应,Reaction,,1
E1897,隔绝空气中的水,Concept,,2
E1898,Ca(OH)2,Concept,,1
E1899,浓溶液稀释前后，溶液中溶质的物质的量是相等的,Concept,,1
E1900,自然界的相对含量,Property,,1
E1901,许多物质,Substance,,1
E1902,族序数后标A,Concept,,1
E1903,外界条件改变,Concept,,1
E1904,化学平衡被破坏,Concept,,1
E1905,铯,Concept,,2
E1906,置换出铁,Concept,,1
E1907,由铵离子和酸根离子构成的化合物,Substance,,1
E1908,铵根离子与氢氧根离子结合,Concept,,2
E1909,乙酸乙酯,Concept,,1
E1910,物质的量n等于物质质量m除以摩尔质量M,Concept,,1
E1911,一百零一千帕,Value,,1
E1912,电子云密度大,Concept,,1
E1913,电子在核外空间单位体积内出现的机会多,Concept,,2
E1914,百分之九十八,Concept,,1
E1915,制造各种电器,Substance,,1
E1916,大多数非金属,Substance,,1
E1917,两个氯原子,Concept,,1
E1918,不发生化学反应,Reaction,,2
E1919,十二,Concept,,1
E1920,增大生成物浓度,Value;Property;Condition,,1
E1921,铜离子得到电子生成铜,Concept,,1
E1922,乙炔与高锰酸钾反应,Reaction;Substance,,2
E1923,溶液颜色褪去,Concept,,1
E1924,铝与氧化物反应,Reaction;Substance,,1
E1925,促进过氧化氢分解,Reaction,,1
E1926,酸碱指示剂,Substance,,2
E1927,借助其颜色变化来指示溶液pH的物质,Concept,,1
E1928,三十八点四摄氏度,Value;Property,,1
E1929,离支链最近的一端,Concept,,1
E1930,某水合物,Concept,,1
E1931,重要的里程碑,Concept,,1
E1932,官能团作主体,Substance,,1
E1933,溶解度曲线,Substance,,3
E1934,查出物质在不同温度下的溶解度,Value;Property;Substance,,1
E1935,硫酸钙,Concept,,1
E1936,冶炼铬,Concept,,1
E1937,有机物分子里的某些原子或原子团被其他原子或原子团所代替的反应,Reaction,,1
E1938,增大压强,Condition,,2
E1939,气体体积缩小的方向移动,Concept,,1
E1940,CH三CH二Br,Concept,,1
E1941,化学反应的过程,Concept,,1
E1942,旧化学键断裂和新化学键形成的过程,Concept,,2
E1943,氯原子与氢原子,Concept,,2
E1944,一定的非金属性,Property,,1
E1945,氯化钠溶液,PropertyValue;Substance,,3
E1946,金属或化合物灼烧使火焰呈特殊颜色,Property,,1
E1947,热,Concept,,1
E1948,氯乙烯,Substance,,2
E1949,氯乙烯加聚,Substance,,2
E1950,由同种元素组成的纯净物,Concept,,2
E1951,带火星的木条复燃,Substance,,2
E1952,检验氧气,Substance,,1
E1953,金属及非金属性等的周期性变化,Concept,,2
E1954,酸味,Property,,1
E1955,分子本身没有变化,Concept,,1
E1956,32个电子,Concept,,1
E1957,纵行,Concept,,1
E1958,C + O2 = CO2,Concept,,1
E1959,原子核电荷数为20,Concept,,2
E1960,20个电子,Concept,,1
E1961,钠元素,Concept,,1
E1962,零到正一,Concept,,2
E1963,约百分之零点零三,Concept,,1
E1964,元素的平均原子质量与碳十二原子质量的十二分之一之比,Concept,,1
E1965,溶解度曲线交点,Concept,,1
E1966,两种物质在该温度下溶解度相同,Concept,,1
E1967,基本相同,Concept,,1
E1968,电解水,Concept,,1
E1969,从左到右，元素的非金属性逐渐增强,Concept,,1
E1970,漂白粉失效,Concept,,2
E1971,低压直流电,Concept,,1
E1972,共价化合物,Substance,,1
E1973,耐火坩埚,Concept,,1
E1974,烷烃名称,Concept,,1
E1975,取代基的名称,Concept,,1
E1976,剧烈燃烧,Reaction,,1
E1977,酸的性质,Concept,,1
E1978,不能装在金属容器中,Concept,,1
E1979,C六H十四,Concept,,1
E1980,比较大,Concept,,1
E1981,中性分子,Concept,,1
E1982,羧酸,Substance,,1
E1983,非金属的最高正氧化数加非金属元素的负氧化数的绝对值,Concept,,1
E1984,氯化铁与硫化氢反应,Reaction;Substance,,3
E1985,癸烷,Concept,,1
E1986,七十五种,Concept,,1
E1987,共热至七十摄氏度到八十摄氏度,Value;Property;Condition,,1
E1988,表面形成致密氧化膜,Concept,,2
E1989,离子化合物,Substance,,2
E1990,简单阳、阴离子所带的电荷数,Concept,,1
E1991,S,Substance,,2
E1992,由不同元素组成的纯净物,Concept,,2
E1993,四,Concept,,2
E1994,超氧化某,Concept,,1
E1995,抗腐蚀性能,Concept,,1
E1996,反应物颗粒的大小,Concept,,1
E1997,较低的反应活性,Property,,1
E1998,常温稳定性,Property,,1
E1999,某些氧化物,Substance,,1
E2000,铵离子的检验,Concept,,2
E2001,干电池,Concept,,1
E2002,周期表中的第ⅠA族,Concept,,1
E2003,镀层金属,Substance,,2
E2004,阳极,Concept,,2
E2005,相同体积、相同物质的量浓度的酸,Substance,,1
E2006,由两种或多种物质混合而成的,Concept,,1
E2007,硫酸铝钾,Concept,,2
E2008,由两种不同的金属离子和一种酸根离子组成的化合物,Substance,,1
E2009,木炭还原氧化铜,Condition;Substance,,3
E2010,氯气与氢气反应,Reaction;Substance,,3
E2011,各元素原子氧化数的变化值乘以相应系数，使其符合第一条原则,Concept,,1
E2012,碳原子之间可相互成键,Concept,,1
E2013,放出氢气,Substance,,2
E2014,粒子数N除以阿伏伽德罗常数N_A,Concept,,1
E2015,一氧化碳燃烧,Reaction;Substance,,3
E2016,失去电子,Concept,,1
E2017,K L M N O P Q层,Concept,,1
E2018,氢离子浓度大于氢氧根浓度,Value;Property;Condition,,1
E2019,溶液呈酸性,Property,,1
E2020,两性氧化物,Substance,,2
E2021,稳定的电子结构,Concept,,1
E2022,热的良导体,Substance,,1
E2023,原子之间通过共用电子对所形成的相互作用,Concept,,1
E2024,煤油,Concept,,2
E2025,氯酸钾分解制取氧气,Condition;Substance,,2
E2026,使用二氧化锰作催化剂,Condition;Substance,,1
E2027,最外层电子数,Concept,,1
E2028,很容易被氧化,Reaction,,1
E2029,与次氯酸不同,Concept,,1
E2030,第2周期,Concept,,1
E2031,随核电荷数的增加而降低,Concept,,1
E2032,反应前后各元素的原子总数相等,Concept,,1
E2033,活泼金属与活泼非金属化合,Reaction,,1
E2034,带一个单位的负电荷,Concept,,1
E2035,质子,Concept,,3
E2036,含一个中子的氢原子,Concept,,1
E2037,使原子最外层达到8个电子稳定结构所需要得到的电子数,Concept,,1
E2038,活泼金属的氢化物,Substance,,1
E2039,碱性氧化物反应,Reaction,,1
E2040,有催化剂存在,Condition,,2
E2041,不溶性的碱,Substance,,1
E2042,次氯酸根离子,Concept,,1
E2043,铜粉,Substance,,1
E2044,T,Concept,,1
E2045,溶剂的性质,Concept,,1
E2046,一点一五克每升,Value;PropertyValue,,1
E2047,饱和状态,Property;Condition,,1
E2048,约6.02×10^23每摩尔,Value,,1
E2049,化学实验基本操作,Concept,,1
E2050,带负电的阴离子,Concept,,1
E2051,金属阳离子,Concept,,2
E2052,硼、硅、砷、碲、砹、铝、锗、锑、钋,Concept,,2
E2053,得到一个电子变成氯离子,Concept,,1
E2054,容易溶解在酒精、苯、四氯化碳等有机溶剂中,PropertyValue,,2
E2055,反应中某些离子浓度的减少,Concept,,1
E2056,Al三正,Concept,,1
E2057,最小,Concept,,1
E2058,+2,Concept,,2
E2059,分子中羟基的数目,Concept,,1
E2060,保持物质化学性质的最小粒子,Concept,,1
E2061,保护铁不受腐蚀,Reaction,,1
E2062,几个不同的取代基,Concept,,1
E2063,装运浓硫酸的容器,Concept,,1
E2064,在元素符号周围用小黑点来表示原子的最外层电子的式子,Concept,,1
E2065,试剂瓶中加少量水以减少挥发,Concept,,1
E2066,随温度升高而增大,Concept,,2
E2067,漂白粉变质,Concept,,2
E2068,次氯酸钙易与空气中的二氧化碳和水作用,Concept,,1
E2069,所含元素氧化数升高,Concept,,1
E2070,原电池原理,Concept,,1
E2071,制作电池,Concept,,1
E2072,硝酸钠,Concept,,1
E2073,容易得到一个电子,Concept,,1
E2074,电石气,Substance,,1
E2075,一八六九年二月,Concept,,1
E2076,苛性钠,Concept,,1
E2077,百分之十的硫酸,PropertyValue;Substance,,1
E2078,四百九十克,Value;PropertyValue,,2
E2079,从锂到铯逐渐增强,Concept,,1
E2080,银离子得电子生成银,Concept,,1
E2081,盐酸与无色的酚酞试液反应,Reaction,,1
E2082,不变色,Property,,1
E2083,可溶性,PropertyValue,,1
E2084,三氧化二铝,Substance,,2
E2085,产生氢气体积最多,Concept,,1
E2086,超声波,Concept,,1
E2087,易溶于二硫化碳,PropertyValue,,1
E2088,稀盐酸,Substance,,2
E2089,很强的氧化性,Property,,1
E2090,蓄电池,Concept,,1
E2091,元素X,Concept,,2
E2092,H二XO四,Concept,,1
E2093,铜锌原电池,Concept,,1
E2094,使化学能转变为电能的装置,Concept,,1
E2095,化合物的分子,Concept,,2
E2096,空气中的氧气反应,Reaction,,1
E2097,一种物质被氧化同时另一种物质被还原,Reaction,,1
E2098,五比六,Concept,,2
E2099,金属键,Concept,,1
E2100,一个电子,Concept,,1
E2101,氢氧化铜,Concept,,1
E2102,制备合成纤维,Substance,,1
E2103,生成物,Concept,,1
E2104,R—OH,Concept,,1
E2105,常温下为气体的单质，名称带有“气”的偏旁,Concept,,1
E2106,制备干燥的氯气,Condition;Substance,,1
E2107,不饱和链烃,Concept,,2
E2108,过渡金属,Substance,,2
E2109,剧毒,PropertyValue,,1
E2110,E,Concept,,1
E2111,紫色,Property,,2
E2112,邻二甲苯,Concept,,1
E2113,存在氧气,Substance,,1
E2114,切割,Concept,,1
E2115,能溶解其他物质的物质,Concept,,2
E2116,氧化铝与氢氧化钠溶液反应,Reaction;Substance,,2
E2117,重氢,Concept,,1
E2118,离核较远的区域,Concept,,1
E2119,单位时间里反应物浓度的减少或生成物浓度的增加,Concept,,1
E2120,将有色的物质氧化成无色物质,Concept,,1
E2121,苍白色,Property,,1
E2122,是否有离子参加,Concept,,1
E2123,九百零七摄氏度,Value;Property,,1
E2124,保护气,Substance,,1
E2125,氢氧化钠溶解,Reaction;Property,,1
E2126,反应前后元素氧化数有升降的变化,Concept,,1
E2127,0族,Concept,,2
E2128,化学腐蚀,Reaction,,3
E2129,高锰酸钾氧化甲苯/二甲苯,Substance,,3
E2130,最后一个纵行,Concept,,1
E2131,磷酸正盐,Substance,,2
E2132,氧化物的水化物都是可溶于水的强碱,Substance,,1
E2133,四羟基合铝酸钠,Substance,,2
E2134,使金属更加美观耐用,Substance,,1
E2135,氯气的制取和性质,Concept,,1
E2136,氢氧根浓度大于氢离子浓度,Value;Property;Condition,,1
E2137,溶液呈碱性,Property,,1
E2138,氢氧化钠与二氧化硫反应,Reaction;Substance,,3
E2139,某苯,Concept,,1
E2140,食盐固体,Substance,,1
E2141,工业合成氨,Concept,,1
E2142,除去氨气中的水分,Substance,,1
E2143,确定溶液的pH,Concept,,1
E2144,有关离子浓度足够大,Condition,,1
E2145,生成微溶物的离子反应能够发生,Condition,,1
E2146,易挥发,Concept,,1
E2147,蜡状固体,PropertyValue;Substance,,1
E2148,氯化钠固体,Substance,,1
E2149,不能导电,Property,,1
E2150,随着分子中碳原子数目的增加而增加,Concept,,1
E2151,"2, 8, 8, 2",Concept,,1
E2152,活泼的金属单质,Substance,,2
E2153,第9纵行,Concept,,1
E2154,判断氧化还原反应是否配平,Concept,,1
E2155,氧化数升降的总数相等,Concept,,1
E2156,如果改变影响化学平衡的一个条件，平衡就向能够减弱这种改变的方向移动,Concept,,1
E2157,钢铁腐蚀,Reaction,,1
E2158,酯,Concept,,1
E2159,分子里含有两个以上羟基的醇,Concept,,1
E2160,离子总电荷数,Concept,,1
E2161,第10纵行,Concept,,1
E2162,氢气分子,Substance,,2
E2163,0,Value,,1
E2164,比较强烈,Concept,,2
E2165,摩尔每立方米,Concept,,1
E2166,电镀液,Substance,,2
E2167,物质不需发生化学变化就能够表现出来的性质,Concept,,1
E2168,计算物质的相对分子质量,Property,,1
E2169,氧气的化学式为O二,Concept,,1
E2170,活泼的卤素单质可以把较不活泼的卤素单质从它们的化合物中置换出来,Concept,,1
E2171,使原子最外层达到八个电子稳定结构所需要得到的电子数,Concept,,1
E2172,盐酸与醋酸钠反应,Reaction;Substance,,1
E2173,强还原剂,Substance,,1
E2174,加氢氧化钠溶液并加热,Condition,,1
E2175,密闭容器,Condition,,1
E2176,潮湿空气,Substance,,1
E2177,平衡向正反应方向移动,Concept,,2
E2178,序号标明取代基位置,Concept,,1
E2179,七十体积酒精和三十体积水,Concept,,1
E2180,三十六,Concept,,1
E2181,不挥发,Concept,,1
E2182,两倍氧的相对原子质量,Property,,1
E2183,盐酸与某些金属氧化物反应,Reaction;Substance,,1
E2184,可溶性的盐,Substance,,2
E2185,酸碱中和滴定,Concept,,1
E2186,氯化钡,Concept,,2
E2187,一氧化碳还原氧化铜,Substance,,3
E2188,摩尔,Value,,8
E2189,摩,Concept,,1
E2190,砜,Concept,,1
E2191,烷烃的稳定性,Property,,1
E2192,相对的,Concept,,1
E2193,十六,Concept,,1
E2194,炼铁反应,Reaction;Condition;Substance,,3
E2195,密切,Concept,,1
E2196,氯化钙,Concept,,1
E2197,NaOH,Substance,,1
E2198,饱和链烃,Concept,,2
E2199,变色,Property,,1
E2200,不发生水解,Reaction,,1
E2201,硫酸铝,Concept,,1
E2202,气体在水中的溶解度,Value;Property,,1
E2203,工业强氧化剂,Substance,,1
E2204,火花,Concept,,1
E2205,聚乙烯,Substance,,1
E2206,电的良导体,Substance,,1
E2207,氯化氢的水溶液,Substance,,1
E2208,电子层离核越近,Concept,,1
E2209,选用不同的金属或非金属制成合金,Substance,,1
E2210,电子流出,Concept,,1
E2211,微溶于水,PropertyValue,,1
E2212,紫色的石蕊试液,Substance,,1
E2213,等质量的二氧化硫和三氧化硫,Concept,,1
E2214,大于钠与水反应,Reaction,,1
E2215,受热,Condition,,1
E2216,短线,Concept,,2
E2217,制造烟火,Substance,,1
E2218,盐酸与氧化铁反应,Reaction;Substance,,2
E2219,随核电荷数的增加而增多,Concept,,1
E2220,溶质质量与溶液质量之比,Concept,,1
E2221,稳定的八电子结构,Concept,,2
E2222,相同体积,Concept,,1
E2223,萃取,Concept,,1
E2224,利用溶质在不同溶剂中的溶解度不同来分离的技术,Concept,,1
E2225,能导电,Property,,1
E2226,气体溶于液体,Substance,,2
E2227,醋酸与氢氧化钠反应,Reaction,,2
E2228,有离子参加的反应,Reaction,,1
E2229,不如氯与氢气的反应剧烈,Concept,,1
E2230,硫化氢气体,Substance,,1
E2231,碘化氢,Substance,,2
E2232,很不稳定,Concept,,2
E2233,液态水变成水蒸气,Substance,,2
E2234,元素的性质,Concept,,1
E2235,氯的含氧化合物,Substance,,2
E2236,三元中强酸,Substance,,1
E2237,正二,Concept,,2
E2238,由微溶物生成难溶物,Concept,,1
E2239,能够发生的反应,Reaction,,1
E2240,充电电池,Concept,,1
E2241,提高温度,Value;Property;Condition,,1
E2242,溶解,Reaction;Property,,1
E2243,铝与稀盐酸反应,Reaction;Substance,,2
E2244,与二氧化硫不同,Concept,,1
E2245,直流电源正极,Concept,,2
E2246,随核电荷数的增加而增强,Concept,,2
E2247,将浓硫酸慢慢倒入水中,Concept,,1
E2248,铂,Concept,,1
E2249,元素周期表的中部,Concept,,1
E2250,苏打,Concept,,1
E2251,浑浊状态,Property,,1
E2252,增加溶质,Concept,,2
E2253,易挥发性,Property,,1
E2254,第8纵行,Concept,,1
E2255,负lg氢离子浓度,Value;Property;Condition,,1
E2256,化学性质稳定,Concept,,1
E2257,盐酸与铜反应,Reaction;Condition,,2
E2258,常温下不能反应,Reaction;Condition,,1
E2259,氯气与水反应,Reaction;Substance,,2
E2260,第四电子层,Concept,,1
E2261,血红蛋白,Substance,,2
E2262,压强,Condition,,2
E2263,水分子本身没有改变,Concept,,1
E2264,原子中心,Concept,,2
E2265,溶液紫色褪去,Concept,,1
E2266,氧族元素氧化性降低,Concept,,1
E2267,平衡混合物里各组分的浓度保持不变,Concept,,1
E2268,一定的外界条件,Condition,,1
E2269,摩尔每升每分,Concept,,2
E2270,得电子能力逐渐减弱,Concept,,1
E2271,各物质的浓度保持不变,Concept,,1
E2272,由两种元素组成，其中一种是氧元素的化合物,Substance,,1
E2273,大多数固体物质,Concept,,1
E2274,溶解度随温度升高而增大,Concept,,1
E2275,反应进行的快慢,Concept,,1
E2276,四种基本类型,Concept,,1
E2277,有机溶剂,Substance,,2
E2278,铁钉,Substance,,1
E2279,多数固体物质,Concept,,1
E2280,氯化钾溶液,PropertyValue;Substance,,2
E2281,氯化钾,Concept,,2
E2282,反应中是否有电子的转移,Concept,,1
E2283,勒夏特列原理,Concept,,1
E2284,浓硫酸与铜反应,Reaction;Condition,,1
E2285,所有的化学反应,Reaction,,1
E2286,居于原子中心,Concept,,1
E2287,氮的重要化合物之一,Concept,,1
E2288,二氧化氮生成四氧化二氮,Concept,,2
E2289,鉴别二氧化碳,Substance,,1
E2290,醋酸根离子与氢离子结合,Concept,,2
E2291,罐头,Concept,,1
E2292,用75体积的酒精和25体积的水配制,Concept,,1
E2293,冶炼金属铝的原料,Concept,,1
E2294,等于单位时间结合分子数,Concept,,1
E2295,羟基,Concept,,1
E2296,油状液体,PropertyValue;Substance,,2
E2297,数字,Concept,,2
E2298,乙醛,Concept,,1
E2299,醋酸是弱电解质,Concept,,1
E2300,碳碳双键,Concept,,1
E2301,饱和溶液转化为不饱和溶液,Substance,,2
E2302,红褐色的氢氧化铁,Concept,,1
E2303,克每摩尔,Value,,1
E2304,多种分子和离子,Concept,,1
E2305,反应中有电子的转移,Concept,,1
E2306,计量原子、分子或离子等微观粒子的物质的量的单位,Concept,,1
E2307,核外电子数,Concept,,3
E2308,所有同一类型的离子反应,Reaction,,1
E2309,两性氢氧化物,Substance,,2
E2310,既能与酸反应生成盐和水，又能与碱反应生成盐和水的氢氧化物,Substance,,1
E2311,紫红色,PropertyValue,,1
E2312,在什么条件下可以使反应物的某些离子浓度减小,Concept,,1
E2313,可溶性的碱,Substance,,1
E2314,溶液中有水,Concept,,1
E2315,安静地燃烧,Reaction,,1
E2316,由一种物质生成两种或两种以上其他物质的反应,Reaction,,1
E2317,氧化钠与二氧化碳反应,Reaction;Substance,,2
E2318,无色的酚酞试液,Substance,,1
E2319,清除铁制品上的锈,Substance,,1
E2320,吸收大量的热,Concept,,1
E2321,核内质子数,Concept,,2
E2322,第V A族,Concept,,1
E2323,二十五摄氏度,Value;Property,,2
E2324,水的离子积常数测定,Concept,,1
E2325,第十四届国际计量大会,Concept,,1
E2326,水的消毒,Property;Substance,,1
E2327,亚硫酸钠,Substance,,1
E2328,百分之十四,Concept,,1
E2329,H-Cl,Concept,,1
E2330,无,Concept,,1
E2331,零点零一摩尔水蒸气,Substance,,1
E2332,泡沫橡胶制造,Concept,,1
E2333,多元弱碱,Substance,,1
E2334,类似多元弱酸,Substance,,1
E2335,一定物质的某个反应,Reaction,,1
E2336,镁条在空气中燃烧,Reaction;Substance,,1
E2337,从水中萃取溴,Substance,,2
E2338,电流表,Concept,,1
E2339,有电流,Concept,,1
E2340,酸式某酸某,Concept,,1
E2341,反应物浓度,Value;Property;Condition,,2
E2342,增大活化分子浓度,Value;Property;Condition,,1
E2343,分子发生了变化,Concept,,1
E2344,核外电子总是先占有能量最低的电子层,Concept,,1
E2345,白色沉淀生成,Concept,,1
E2346,原子半径逐渐减小,Concept,,2
E2347,制造炮弹,Substance,,1
E2348,电子云密度小的地方,Concept,,1
E2349,二十克,Value;PropertyValue,,1
E2350,制取干燥的氨气,Condition;Substance,,1
E2351,使氨气通过干燥剂,Condition;Substance,,1
E2352,磷酸二氢盐,Substance,,2
E2353,四点零摩尔每升,Value,,1
E2354,碱性气体,Substance,,1
E2355,产生大量的白烟,Concept,,1
E2356,净水剂,Substance,,1
E2357,易与空气中的二氧化碳和水作用,Concept,,1
E2358,发生钝化,Reaction,,2
E2359,导电性,Property,,1
E2360,带正电的阳离子,Concept,,1
E2361,溶有氯气,Substance,,1
E2362,氢离子浓度减小,Concept,,1
E2363,含1个中子的氢原子,Concept,,1
E2364,加压,Concept,,1
E2365,增加溶质或者降低温度,Value;Property;Condition,,1
E2366,第九纵行,Concept,,1
E2367,点燃,Condition,,1
E2368,逆反应速率,Concept,,2
E2369,生成物浓度为零时为零,Concept,,1
E2370,mol,Concept,,1
E2371,化学性质不活泼,Concept,,1
E2372,光,Concept,,1
E2373,电离能,Concept,,1
E2374,1H,Concept,,1
E2375,正四,Concept,,1
E2376,原子的种类、数目和质量都不变,Concept,,1
E2377,透明液体,PropertyValue;Substance,,1
E2378,甲醇,PropertyValue,,2
E2379,氧化数升降的总数,Concept,,1
E2380,氧化还原反应配平原则,Concept,,1
E2381,淡黄绿色,PropertyValue,,2
E2382,溴化银,Concept,,1
E2383,次氯酸钙与二氧化碳及水反应,Reaction;Substance,,1
E2384,错误说法,Concept,,1
E2385,硅酸钠,Concept,,1
E2386,除去液溴中溶解的少量氯气,Substance,,1
E2387,标准状况下，1体积水能溶解2体积氯气,Substance,,1
E2388,硫化钠,Concept,,1
E2389,支链最多的最长碳链,Concept,,1
E2390,不如氯化氢稳定,Concept,,2
E2391,单质碳,Concept,,1
E2392,原子半径越小，氧化性越强,Concept,,1
E2393,卤化氢,Concept,,1
E2394,卤素氯化物,Substance,,1
E2395,微弱反应,Reaction,,1
E2396,离子化合物氯化钠的形成,Concept,,1
E2397,得到两个电子,Concept,,1
E2398,氧化数负二的化合物,Substance,,1
E2399,防止食品腐烂,Concept,,1
E2400,氯化银,Concept,,2
E2401,还原性气体,Substance,,1
E2402,写出反应的化学方程式,Concept,,1
E2403,不需避光,Concept,,1
E2404,水的离子积,Concept,,2
E2405,对二甲苯,Concept,,1
E2406,棕色,PropertyValue,,1
E2407,盐类的水解反应,Reaction,,2
E2408,盐类的离子与水电离出来的氢离子或氢氧根离子相结合生成弱电解质的反应,Reaction,,1
E2409,原子核内所有质子和中子的相对质量取近似整数值之和,Concept,,1
E2410,相似,Concept,,1
E2411,反应物与生成物处于动态平衡,Concept,,1
E2412,+7,Concept,,1
E2413,检验纯度,Value;Property;Condition,,1
E2414,含有镀层金属离子的电解质,Concept,,2
E2415,酸碱中和反应的逆反应,Reaction,,1
E2416,胶状物质,PropertyValue,,1
E2417,三键,Concept,,1
E2418,4,Value,,1
E2419,碳原子数在十以上,Concept,,1
E2420,电子数较少的原子,Concept,,1
E2421,显负性,Property,,1
E2422,干燥氯气,Substance,,1
E2423,每层最多容纳电子数,Concept,,1
E2424,2n^2,Concept,,1
E2425,决定化合物特殊性质的原子或原子团,Concept,,1
E2426,制造化工器件,Substance,,1
E2427,碳元素的质量分数,Concept,,1
E2428,原子半径的几万分之一,Concept,,2
E2429,氢分子,Concept,,2
E2430,空气中的水蒸气,Substance,,1
E2431,仅次于银,Concept,,1
E2432,三十二,Concept,,2
E2433,纯净氢气在氯气中,Condition,,1
E2434,磷酸一氢盐,Substance,,2
E2435,磷酸氢钙,Concept,,1
E2436,养活生命所需的气,Substance,,1
E2437,氢某酸,Substance,,1
E2438,只能微弱地进行,Concept,,1
E2439,产生浅黄色沉淀，则含有溴离子,Concept,,1
E2440,一氧化碳与血红蛋白结合,Concept,,1
E2441,血液的输氧功能,Concept,,1
E2442,硫酸镁,Concept,,1
E2443,化学发展史,Concept,,1
E2444,七十体积的酒精和三十体积的水配制,Concept,,1
E2445,平衡体系,Concept,,1
E2446,硫酸铁,Concept,,1
E2447,点燃或灼热,Condition,,1
E2448,二氧化碳及水,Substance,,1
E2449,最外层电子数为8,Concept,,1
E2450,氯元素,Concept,,1
E2451,零到负一,Concept,,1
E2452,氧化数呈现周期性变化,Concept,,2
E2453,八点九克每立方厘米,PropertyValue,,1
E2454,高钙牛奶,Concept,,2
E2455,盐酸与活泼金属反应,Reaction;Substance,,1
E2456,结构很稳定,Concept,,1
E2457,能导热,Property,,1
E2458,0℃,Concept,,1
E2459,苯不同,Concept,,1
E2460,可以发生偏移,Concept,,1
E2461,良好的延展性,Property,,1
E2462,产生浅黄色沉淀,Concept,,1
E2463,制造干电池,Substance,,1
E2464,氯仿,Concept,,2
E2465,甲烷的衍生物,Concept,,1
E2466,反应所需的能量,Property,,1
E2467,浮在水面上,Concept,,1
E2468,金属元素原子,Concept,,2
E2469,腐蚀性气体,Substance,,1
E2470,常温下为液体的单质，名称带有“氵”的偏旁,Concept,,1
E2471,浓度改变,Concept,,1
E2472,A容器,Concept,,2
E2473,氢氧化钠与盐类反应,Reaction;Substance,,2
E2474,不溶于水的碱,Substance,,1
E2475,CHCl三,Concept,,1
E2476,一个,Concept,,1
E2477,某酸某,Concept,,1
E2478,酸式盐,Substance,,1
E2479,氢氧化钠与酸式盐反应,Reaction;Substance,,2
E2480,红褐色,PropertyValue,,1
E2481,从ⅢB族到ⅡB族10个纵行,Concept,,1
E2482,氟化氢,Substance,,2
E2483,易分解,Reaction,,1
E2484,碘化银,Concept,,1
E2485,砹,Concept,,1
E2486,很强的吸附能力,Concept,,1
E2487,醋酸与氢氧化钠的物质的量相等,Concept,,1
E2488,乙二醇,Concept,,2
E2489,热水,Substance,,1
E2490,电子数较多,Concept,,1
E2491,大约为百分之六十九,Concept,,1
E2492,氯化钠饱和溶液,Substance,,1
E2493,加入少量氯化钠晶体,Substance,,2
E2494,碳环,Concept,,1
E2495,明矾水解反应,Reaction;Substance,,1
E2496,P、Q、R、S的浓度不再变化,Concept,,1
E2497,被还原,Reaction,,1
E2498,从上到下逐渐增大,Concept,,1
E2499,甲醛,Concept,,1
E2500,氨水与盐酸混合,Concept,,1
E2501,在分子晶体中，相邻分子核间距的一半,Concept,,1
E2502,絮状沉淀,PropertyValue,,1
E2503,制造炸药,Substance,,1
E2504,生成沉淀,Concept,,1
E2505,零点零一摩尔一氧化碳,Concept,,1
E2506,一百克溶剂,Condition;Substance,,1
E2507,离核较近的区域,Concept,,1
E2508,溴苯,PropertyValue;Substance,,2
E2509,随生成物浓度增大而增大,Concept,,1
E2510,制备塑料,Substance,,1
E2511,周期表中第ⅦA族,Concept,,1
E2512,所在的族序数,Concept,,1
E2513,七个电子,Concept,,1
E2514,二氧化氮浓度增大,Concept,,2
E2515,平衡向逆反应方向移动,Concept,,1
E2516,在阴极得到电子发生还原反应,Reaction,,1
E2517,混合气体被冷却,Concept,,1
E2518,二比一,Concept,,2
E2519,不同,Concept,,1
E2520,生成了其他物质的变化,Concept,,1
E2521,第一电子层,Concept,,1
E2522,求各元素的原子个数,Concept,,1
E2523,氧化数为+4的硅的氧化物,Substance,,1
E2524,由一种物质组成,Concept,,1
E2525,碱反应,Reaction,,1
E2526,离子所带电荷数,Concept,,1
E2527,既是氧化剂又是还原剂,Substance,,1
E2528,硫酸中氧化数为正六的硫,Concept,,1
E2529,高温、高压、催化剂,Condition;Substance,,1
E2530,火碱,Substance,,1
E2531,溴的红棕色很快褪去,Concept,,1
E2532,序号标明不饱和键位置,Concept,,1
E2533,146,Value,,1
E2534,酸性或碱性稀溶液中氢离子浓度与氢氧根浓度乘积为常数,Concept,,1
E2535,物质溶解度随温度变化的曲线,Concept,,1
E2536,百分之十的氢氧化钠溶液,PropertyValue;Substance,,1
E2537,一百克,Value;PropertyValue,,1
E2538,溶液中溶质的物质的量不变,Concept,,1
E2539,空气里的水蒸气,Substance,,2
E2540,热和电的良导体,Substance,,1
E2541,久制氯水,Concept,,1
E2542,V,Concept,,1
E2543,溶液体积,Concept,,1
E2544,电解质分子,Concept,,2
E2545,溶质质量分数,Concept,,1
E2546,把易溶于水、易电离的物质写成离子形式,Concept,,1
E2547,化学变化中的现象,Concept,,1
E2548,化学变化发生,Concept,,1
E2549,人们,Concept,,1
E2550,原子质量作为比较标准,Concept,,1
E2551,V除以二十二点四升每摩尔,Value,,1
E2552,将有色物质氧化成无色物质,Concept,,1
E2553,50,Value,,1
E2554,从左到右逐渐减弱,Concept,,1
E2555,溶质质量除以溶液质量乘以100%,Concept,,1
E2556,氢离子与氢氧根离子反应,Reaction;Substance,,1
E2557,稀释百分之二十的氯化钠溶液,Substance,,1
E2558,向上排空气法,Substance,,1
E2559,H二,Substance,,1
E2560,氢气和氯气的混和气体,Substance,,1
E2561,六点零二乘以十的二十三次方每摩尔,Value,,1
E2562,缩聚反应,Reaction,,1
E2563,钾与氧气反应,Reaction;Substance,,2
E2564,合成氨,Substance,,1
E2565,第十纵行,Concept,,1
E2566,元素原子在其化合态中的形式电荷数,Concept,,1
E2567,在潮湿的空气中会生锈,Concept,,1
E2568,"2, 8, 7",Concept,,1
E2569,压强一百零一千帕，温度负七十八点五摄氏度,Value;Property,,1
E2570,温度为0℃、压强为一百零一千帕时的状况,Concept,,1
E2571,计算相对分子质量,Property,,1
E2572,铁元素,Concept,,1
E2573,Q,Substance,,1
E2574,粒子的摩尔质量,Property,,1
E2575,该粒子的相对原子质量或相对分子质量,Property,,1
E2576,溶质质量分数的计算,Concept,,1
E2577,氨基酸,Substance,,1
E2578,九种,Concept,,1
E2579,卤族元素单质,Substance,,3
E2580,依次递增,Concept,,2
E2581,加入催化剂有利于氨氧化反应,Reaction,,1
E2582,正、逆反应速率都增大,Concept,,1
E2583,第七主族,Concept,,1
E2584,弱,Concept,,1
E2585,使阴、阳离子结合成化合物的静电作用,Concept,,1
E2586,从上到下逐渐减弱,Concept,,1
E2587,C_n H_二n加一OH,Concept,,1
E2588,碘化钾,Concept,,1
E2589,生成盐,Substance,,1
E2590,醛,Concept,,1
E2591,Q层,Concept,,2
E2592,第七电子层,Concept,,1
E2593,溶液中,Concept,,1
E2594,难挥发,Concept,,1
E2595,戊烷的三种同分异构体,Substance,,1
E2596,正、异、新,Concept,,1
E2597,CO3^2-,Concept,,1
E2598,带负电荷,Concept,,1
E2599,等于其族序数,Concept,,1
E2600,稳定,Concept,,1
E2601,特殊的气味,PropertyValue,,1
E2602,装运浓硝酸的容器,Concept,,1
E2603,写出未配平的反应方程式,Concept,,1
E2604,单位时间内反应物浓度的减少或生成物浓度的增加,Concept,,1
E2605,不纯,Concept,,1
E2606,固体二氧化碳,Concept,,1
E2607,无机酸,Substance,,1
E2608,丙酮,Concept,,1
E2609,乙烯与高锰酸钾反应,Reaction,,1
E2610,酸性高锰酸钾溶液的紫色褪去,Concept,,1
E2611,原子半径逐渐增大,Concept,,1
E2612,不经熔化直接变成紫色蒸气,Substance,,1
E2613,粒子数除以阿伏伽德罗常数,Concept,,1
E2614,磷酸二氢钠,Concept,,1
E2615,汞盐溶液,Substance,,1
E2616,硫酸铜与氯化钡的反应,Reaction,,1
E2617,硫酸根离子与钡离子反应生成硫酸钡沉淀,Concept,,1
E2618,四十四克每摩尔,Value,,1
E2619,约等于一,Concept,,1
E2620,金属氯化物,Substance,,1
E2621,酮,Concept,,1
E2622,某烯,Concept,,1
E2623,正极,Concept,,1
E2624,混合气体受热,Concept,,1
E2625,颜色变深,Concept,,2
E2626,燃料,Concept,,1
E2627,极性键,Concept,,1
E2628,磷酸钙,Concept,,1
E2629,通电前,Concept,,1
E2630,铜离子和氯离子自由移动,Concept,,1
E2631,物质在化学变化中所表现出来的性质,Concept,,1
E2632,电子云密度大的地方,Concept,,1
E2633,铁离子被还原,Reaction;Condition,,1
E2634,较强的还原剂,Condition;Substance,,1
E2635,稳定性,Property,,1
E2636,同一行的主族元素,Concept,,1
E2637,碱金属及其化合物,Substance,,1
E2638,比较强,Concept,,1
E2639,一体积水溶解一体积二氧化碳,Concept,,1
E2640,正反应和逆反应的化学反应速率相等,Concept,,1
E2641,试剂瓶中加少量水,Concept,,1
E2642,氢氧化镁,Concept,,1
E2643,通电时,Concept,,2
E2644,从电解池阳极流回电源正极,Concept,,1
E2645,镁原子,Concept,,1
E2646,钫,Concept,,1
E2647,吸收水分,Concept,,1
E2648,大于钠与氧气反应,Reaction,,1
E2649,n等于N除以N_A,Concept,,1
E2650,乙酸钠溶液,Substance,,1
E2651,碱性,Property,,1
E2652,空气中的二氧化碳,Substance,,1
E2653,磷酸氢二钠,Concept,,1
E2654,镁燃烧不能用二氧化碳灭火,Concept,,1
E2655,世界上第一个化学元素周期表,Concept,,1
E2656,钋,Concept,,1
E2657,H二X,Concept,,1
E2658,1体积水溶解1体积二氧化碳,Concept,,1
E2659,烃分子中的氢原子被卤素原子取代后所生成的化合物,Substance,,1
E2660,共用电子对偏移,Concept,,1
E2661,pH等于六的溶液,Substance,,1
E2662,pH等于三的溶液的一千分之一,Concept,,1
E2663,第3周期,Concept,,1
E2664,氨水与盐酸混合后,Concept,,1
E2665,氯离子浓度大于铵根离子浓度大于氢离子浓度大于氢氧根离子浓度,Value;Property;Condition,,1
E2666,泥土,Concept,,2
E2667,有镍催化下，一百八十到二百一十摄氏度,Value;Property;Condition,,1
E2668,产生氨,Concept,,1
E2669,非金属性逐渐减弱,Concept,,1
E2670,阴、阳离子结合成化合物的静电作用,Concept,,1
E2671,木炭,Substance,,2
E2672,元素的金属性逐渐减弱,Concept,,1
E2673,氧化数正的写在左边，氧化数负的写在右边,Concept,,1
E2674,浅黄色沉淀,Concept,,1
E2675,含有溴离子,Concept,,1
E2676,反应物和生成物的类别以及反应前后物质种类的多少,Concept,,1
E2677,非金属的最高正氧化数,Concept,,1
E2678,非金属元素的负氧化数的绝对值,Concept,,1
E2679,研究物质的组成、结构、性质以及变化规律的基础自然科学,Concept,,1
E2680,23克每摩尔,Value,,1
E2681,非电解质,Concept,,2
E2682,由相对分子质量小的化合物分子互相结合成相对分子质量大的高分子化合物的反应,Reaction,,1
E2683,物质得到氧,Concept,,1
E2684,既能与酸反应生成盐和水，又能与碱反应生成盐和水的氧化物,Substance,,1
E2685,非常活泼,Concept,,2
E2686,产生黄色沉淀，则含有碘离子,Concept,,1
E2687,强酸弱碱盐,Substance,,1
E2688,能量最低的电子层占满后,Condition,,1
E2689,极弱的电解质,Concept,,1
E2690,从上到下逐渐增强,Concept,,1
E2691,第4周期,Concept,,1
E2692,正三,Concept,,1
E2693,可溶于有机溶剂,PropertyValue;Substance,,1
E2694,C_n H_二n减六,Concept,,1
E2695,木材的燃烧,Reaction,,1
E2696,零点一摩尔每升,Value,,1
E2697,能够表示物质组成和分子组成的化学式,Concept,,1
E2698,加入氯化钡或硝酸钡溶液,Condition;Substance,,1
E2699,炭化,Concept,,1
E2700,加聚反应,Reaction,,2
E2701,核对外层电子的引力越弱,Concept,,2
E2702,原子就越易失去电子,Concept,,1
E2703,常温下为固体的单质，名称带有“石”的偏旁,Concept,,1
E2704,含两个中子的氢原子,Concept,,1
E2705,金属或合金与周围气体或液体反应而损耗的过程,Concept,,1
E2706,求出两种元素氧化数绝对值的最小公倍数,Concept,,1
E2707,四十克每摩尔,Value,,1
E2708,强氧化性,Property,,1
E2709,在水溶液中还是熔融状态下都不能导电的化合物,Substance,,1
E2710,氢氧根浓度减小,Concept,,1
E2711,可逆过程,Concept,,1
E2712,核外,Concept,,1
E2713,干燥气体,Substance,,1
E2714,铜离子得电子生成铜,Concept,,1
E2715,向阳极,Concept,,1
E2716,硬度,Value;Property,,1
E2717,无色液体,PropertyValue;Substance,,1
E2718,酸性高锰酸钾溶液,Substance,,1
E2719,碳酸钡,Concept,,1
E2720,质子数加中子数,Concept,,1
E2721,浓硝酸和浓盐酸,Substance,,1
E2722,次氯酸钙反应并分解,Reaction,,1
E2723,C十七H三十六,Concept,,1
E2724,十七烷,Concept,,1
E2725,在一定温度下，在一定量的溶剂里，还能继续溶解某种物质的溶液,Substance,,1
E2726,芳烃,Concept,,1
E2727,间二甲苯,Concept,,1
E2728,某炔,Concept,,1
E2729,n,Concept,,1
E2730,乙酸乙酯的制取,Reaction,,1
E2731,第一到三周期,Concept,,1
E2732,加快,Concept,,1
E2733,周期序数,Concept,,1
E2734,由同一种元素形成的几种性质不同的单质,Substance,,1
E2735,强酸和强碱所生成的盐,Substance,,1
E2736,三点零摩尔每升,Value,,1
E2737,表示同一类型的离子反应,Reaction,,1
E2738,很强,Concept,,1
E2739,约等于十六,Concept,,1
E2740,元素组成的单质不是金属,Substance,,1
E2741,电子数较少,Concept,,1
E2742,铜原子的半径,Concept,,1
E2743,苯甲酸,Substance,,1
E2744,98,Value,,1
E2745,电化学保护法,Concept,,1
E2746,反应达到平衡所需的时间,Concept,,1
E2747,仅含有碳、氢两种元素的化合物,Substance,,1
E2748,硫酸根离子与钡离子反应,Reaction;Substance,,1
E2749,氢氧化亚铁与酸反应,Reaction;Substance,,1
E2750,盐类,Substance,,1
E2751,有机物分子中双键两端的碳原子与其他原子或原子团直接结合生成新的化合物的反应,Reaction,,1
E2752,氧的同位素1,Concept,,1
E2753,浓硝酸与浓盐酸体积比一比三,Concept,,1
E2754,放出大量的热,Concept,,1
E2755,红棕色,PropertyValue,,2
E2756,氢气的制取和性质,Concept,,1
E2757,碳原子可形成共价键,Concept,,1
E2758,喷镀,Concept,,1
E2759,易分解性,Property,,1
E2760,受热不分解,Reaction,,1
E2761,苯环上的侧链,Concept,,1
E2762,电子层结构,Concept,,1
E2763,放出氧,Concept,,1
E2764,物质的质量与该物质的物质的量之比,Concept,,1
E2765,可以得到溶液,Substance,,1
E2766,苯分子中的一个氢原子被甲基取代,Reaction,,1
E2767,有黑烟生成,Concept,,1
E2768,强于氢氟酸,Substance,,1
E2769,氯化氢气体与水蒸气结合,Substance,,1
E2770,雾状氯化氢,Substance,,1
E2771,液氮,Substance,,1
E2772,冷冻剂,Substance,,1
E2773,溶液碱性越弱，酸性越强,Concept,,1
E2774,删去方程式两边不参加反应的离子,Concept,,1
E2775,需要电镀的金属制品,Concept,,1
E2776,化学能转变为电能,Concept,,1
E2777,二百五十毫升,Value;PropertyValue,,1
E2778,沉在煤油下面,Concept,,1
E2779,氢氧化钾,Concept,,1
E2780,某酸,Substance,,1
E2781,用元素符号来表示物质组成的式子,Concept,,1
E2782,构成物质的一种粒子,Concept,,1
E2783,韧性,Property,,1
E2784,五十八点五克每摩尔,Value,,1
E2785,碳四十七氢五十一氮一氧十四,Concept,,2
E2786,金属钠,Concept,,1
E2787,最终产物为碳酸钠,Concept,,1
E2788,氢气和氧气的混和气体,Substance,,2
E2789,没有生成其他物质的变化,Concept,,1
E2790,检验单质碘的存在,Substance,,1
E2791,最低,Concept,,1
E2792,不断,Concept,,1
E2793,空气密度的十四分之一,PropertyValue,,1
E2794,副族元素,Concept,,1
E2795,量多的一种,Concept,,1
E2796,根据物质的化学式,Concept,,1
E2797,相对分子质量的各种相关计算,Concept,,1
E2798,非氧化还原反应,Reaction,,2
E2799,没有电子转移的反应,Reaction,,1
E2800,反应物和生成物类别以及反应前后物质种类的多少,Concept,,1
E2801,羧基,Concept,,1
E2802,吸电子能力较弱的原子显正性,Property,,1
E2803,水解反应,Reaction,,1
E2804,在一定温度下，在一定量的溶剂里，不能再溶解某种溶质的溶液,Substance,,1
E2805,元素周期律的具体表现形式,Concept,,1
E2806,一定的金属性,Property,,1
E2807,刺激性臭味,PropertyValue,,1
E2808,参加化学反应的各物质的质量总和,Concept,,1
E2809,反应后生成的各物质的质量总和,Concept,,1
E2810,浓硫酸和木炭反应,Reaction;Condition,,1
E2811,电离能力的大小,Concept,,1
E2812,没有气味,PropertyValue,,1
E2813,喷油漆,Concept,,1
E2814,两种金属阳离子,Concept,,1
E2815,磷酸二氢钙,Concept,,2
E2816,表示含有一定数目粒子的集体,Substance,,1
E2817,升每摩尔,Value,,1
E2818,生产、生活和科学技术,Substance,,1
E2819,无色粘稠液体,PropertyValue;Substance,,1
E2820,浑浊的液体,PropertyValue;Substance,,1
E2821,淡蓝色,Property,,1
E2822,负三,Concept,,1
E2823,生成难溶的物质,Concept,,1
E2824,空气中加热,Condition,,1
E2825,电解质分子电离成离子的速率和离子重新结合成分子的速率相等时的状态,Property,,1
E2826,理想的燃料,Substance,,2
E2827,在一定温度下，某固体物质在一百克溶剂里达到饱和状态时所溶解的质量,Property,,1
E2828,紫杉醇的化学式,Concept,,1
E2829,族序数后标B,Concept,,1
E2830,主要氧化数,Concept,,1
E2831,中性,Property,,1
E2832,乙烷与氯气光照反应,Reaction,,1
E2833,18个电子,Concept,,1
E2834,氯气的水溶液,Substance,,1
E2835,从上到下，非金属性逐渐减弱,Concept,,1
E2836,分子里含有碳碳三键的一类链烃,Concept,,1
E2837,二氧化碳的制取和性质,Concept,,1
E2838,物质的量n等于气体体积V除以气体摩尔体积V_m,Concept,,1
E2839,在化学反应中不能再分的粒子,Concept,,1
E2840,铝盐溶液,Substance,,1
E2841,失电子能力逐渐增强,Concept,,1
E2842,氧气的分子式,Concept,,1
E2843,同分异构现象,Concept,,1
E2844,化合物具有相同的分子式，但具有不同的结构式的现象,Concept,,1
E2845,元素组成的单质是金属,Substance,,1
E2846,主族元素的最高正氧化数,Concept,,1
E2847,周期表右上方,Concept,,1
E2848,成键的原子不显电性,Property,,1
E2849,表面生成碱式碳酸铜,Concept,,1
E2850,C六H六,Concept,,1
E2851,原子所能失去或偏移的最外层上的电子数,Concept,,1
E2852,最简单的烯烃,Concept,,1
E2853,活泼金属氢化物,Substance,,1
E2854,物质的量浓度相同的氯化钠、氯化镁、氯化铝三种溶液,Substance,,1
E2855,三种溶液中氯离子的物质的量浓度之比为一比二比三,Concept,,1
E2856,消毒剂,Substance,,1
E2857,金属与接触物质直接反应引起的腐蚀,Reaction,,1
E2858,由烷烃所衍生的一元醇,Concept,,1
E2859,盐电离出来的离子与水所电离出来的氢离子或氢氧根离子结合生成弱电解质的反应,Reaction,,1
E2860,C_n H_二n,Concept,,1
E2861,四十克,Value;PropertyValue,,1
E2862,从10%稀释成5%,Concept,,1
E2863,反应物浓度最大时最大,Concept,,1
E2864,难熔,Concept,,1
E2865,亚铁离子被氧化,Reaction;Condition,,1
E2866,较强的氧化剂,Condition;Substance,,1
E2867,溶液的质量增大,Concept,,1
E2868,元素在周期表中的位置,Concept,,2
E2869,该元素的原子结构,Concept,,1
E2870,稀有气体晶体,Substance,,1
E2871,范德华力,Concept,,1
E2872,重要元素,Concept,,1
E2873,常温下不能,Condition,,1
E2874,n等于V除以二十二点四升每摩尔,Value,,1
E2875,C_n H_二n加二,Concept,,1
E2876,阳极碳棒,Concept,,1
E2877,所含元素氧化数降低,Concept,,1
E2878,次氯酸钙与二氧化碳及水反应生成次氯酸,Substance,,1
E2879,该元素的性质,Concept,,1
E2880,不如氯与氢气反应剧烈,Concept,,1
E2881,溶液质量,Property,,1
E2882,溶质质量加溶剂质量,Property,,1
E2883,百分之二十,Concept,,1
E2884,强碱的醇溶液,Condition;Substance,,1
E2885,盐酸与金属氧化物反应,Reaction;Substance,,1
E2886,重钙,Concept,,1
E2887,立即燃烧,Reaction,,1
E2888,乙烯的制取和性质,Concept,,1
E2889,见光或受热,Concept,,1
E2890,浅绿色,Property,,1
E2891,从电源负极流入电解池阴极,Concept,,1
E2892,高温、高压、放电,Condition,,1
E2893,乙二酸,Substance,,1
E2894,单位体积溶液里所含溶质的物质的量,Property,,1
E2895,钙元素,Concept,,1
E2896,一般不燃烧,Reaction,,1
E2897,电子才能依次填入能量更高的电子层,Concept,,1
E2898,氧化某,Concept,,1
E2899,生成难电解的物质,Concept,,1
E2900,过氧化氢水溶液,Substance,,1
E2901,电解池阳极,Concept,,1
E2902,棕黄色的烟,PropertyValue,,1
E2903,任何发光、发热的剧烈的化学反应,Reaction,,1
E2904,苯环上的氢原子被硝基取代,Reaction,,1
E2905,有离子参加的一类反应,Reaction,,1
E2906,氯离子失去电子生成氯气,Substance,,1
E2907,Cl-Cl,Concept,,1
E2908,氯原子得电子,Concept,,1
E2909,第三电子层,Concept,,1
E2910,O二的相对分子质量,Property,,1
E2911,在一定温度下，某固体物质在溶剂里达到饱和状态时所溶解的质量,Property,,1
E2912,制取某些金属制品,Concept,,1
E2913,由一种物质组成的,Concept,,1
E2914,发光、发热的剧烈的化学反应,Reaction,,1
E2915,携带氧气,Substance,,1
E2916,生成水合氢离子和氢氧根离子,Concept,,1
E2917,直链,Concept,,1
E2918,阻止金属继续氧化,Reaction,,1
E2919,周期表中的第IA族,Concept,,1
E2920,CH四,Concept,,1
E2921,发生氧化还原反应,Reaction,,1
E2922,用观察法配平氧化数未改变的元素原子数目,Concept,,1
E2923,分子中元素原子吸引电子的能力,Concept,,1
E2924,不能用排水法收集,PropertyValue,,1
E2925,元素组成的单质是金属的元素,Concept,,1
